longitude,latitude,created_at,tweet_id,text,score
-76.23961598,39.55583191,"2015-06-07 00:38:43",607345910608240641,"@Jordansreality sry im not gay i don't follow ur soundcloud",0.6135
-75.04449450,39.87785339,"2015-06-07 00:38:54",607345955579559936,"FIRE! And bourbon. And wine. And beer. And family. @ Home https://t.co/HWoNYlItwK",1.2618
-73.86491964,40.85757446,"2015-06-07 00:38:54",607345958024843264,"@nytimes @TheDennisEgan @Fresc_0 @umm_uhhhh  you know anything about this? Lol",1.0144
-80.53241730,37.15205002,"2015-06-07 00:38:55",607345959484420096,"Backdrop for our reception  #TeamRancourt cc/ calebrancourt @ Pete Dye River Course of Virginia Tech https://t.co/1r8U8lhHgB",1.1702
-76.58813741,39.36404037,"2015-06-07 00:38:55",607345960096829440,"wish i was still in a B",0.8065
-81.91791730,41.45532227,"2015-06-07 00:38:56",607345964160917504,"#Sales alert: Vice President, Financial... | Charles Schwab | #Westlake, OH http://t.co/L5CmGSS985 #Veterans http://t.co/slyIiGd1VQ",0.7717
-73.54996031,45.52656555,"2015-06-07 00:38:58",607345974332280832,"@MathieuBed Soungs good! On finit un Pessac! Bonne soire!",1.6959
-83.00617484,39.98804474,"2015-06-07 00:38:59",607345978031677441,"Come mango with us #mangoscafe #khalilmamoon #onfire #seductive #passion #socialsmoke https://t.co/vEt2apsgXS",1.5418
-77.01740000,38.89759827,"2015-06-07 00:39:01",607345984742563840,"Enjoying a Big Bad Plaid Scotch Ale by @AmericanBrewing @ Savor: a American craft beer &amp; food experience  http://t.co/igiXFFT2uY",1.5487
-73.94528444,40.80802155,"2015-06-07 00:39:01",607345986621587456,"#PurityVodka (at @Gin_FizzNyc in New York, NY) https://t.co/ESguekqttf",1.3312
-74.73156894,40.19697189,"2015-06-07 00:39:02",607345990958481408,"My stay in the crib game strong ",1.1983
-74.03375752,40.99141312,"2015-06-07 00:39:04",607345997514207232,"Date night at a historical institution (@ The @IronHorseWw in Westwood, NJ) https://t.co/TR9Gi1prNQ http://t.co/V0XQBmCDkL",1.3022
-71.08840000,42.34709930,"2015-06-07 00:39:06",607346005080739840,"Drinking a Dirty Bastard by @foundersbrewing at @bostonburgerco  http://t.co/Xq77Bfi4bS #photo",0.7063
-83.04798280,42.32848358,"2015-06-07 00:39:07",607346009014960129,"If yore willing to see it, there's always someone who truly loves you. We are only as alone as we allow ourselves to be.",1.2343
-71.43257883,41.84076309,"2015-06-07 00:39:07",607346011749629953,"Happy birthday to my most perfect little lo I hope you have an amazing day full of love and laughs! https://t.co/ZWeTZE76Gh",1.9324
-73.61040580,40.75260162,"2015-06-07 00:39:10",607346021501304832,"dressbarn #Retail #Job: Assistant Manager FT (#CarlePlace, NY) http://t.co/mxg3Qs6mnL #Jobs #Hiring #TweetMyJobs",1.3338
-73.97618800,40.68326569,"2015-06-07 00:39:17",607346051914301440,"Cotto vs Gale #Boxing in #Brooklyn  @ Barclays Center https://t.co/2NuXWumY70",0.8519
-74.37536900,40.57784653,"2015-06-07 00:39:21",607346070121816064,"Told you #BlackExcellence was on its way. Congrats to the Bishop George  Ahr High School Class of https://t.co/Lfcqm3vSB0",1.3509
-74.99584481,41.68067551,"2015-06-07 00:39:22",607346073267367936,"The Shining http://t.co/DHxicv0N9O",1.4872
-83.95080680,43.41947174,"2015-06-07 00:39:22",607346075062501376,"Can you recommend anyone for this #job? Financial Performance &amp;... - http://t.co/twdH0RrRtU #Auto #Careers http://t.co/B5IwBnWLWQ",1.5425
-75.73366667,39.52534485,"2015-06-07 00:39:23",607346075549188096,"Spent my birthday with the best cousins @ Kierstin's Graduation https://t.co/VWKZyZ6Nm1",1.6379
-76.99055978,42.87817383,"2015-06-07 00:39:24",607346081136001025,"Dysfunctional as always @ Geneva Relay For Life https://t.co/n4lJvwTcQy",1.2421
-75.09407663,38.52811432,"2015-06-07 00:39:25",607346087846920192,"still can't get over how cute my dream was. I wish it could just come true wtf",0.6963
-73.18275154,40.73729324,"2015-06-07 00:39:26",607346088228483072,"Everyday we get one step closer to Idiocracy becoming a documentary.  #BelmontStakes",1.5661
-78.89465690,35.99075317,"2015-06-07 00:39:26",607346089734377472,"@RUWandering @bullcitycidery That's Funny!!",1.7654
-76.53975680,39.39772034,"2015-06-07 00:39:27",607346094650060801,"Sweet date  @ Rita's of Joppa Road https://t.co/64BcSbno3H",1.4219
-74.18977070,40.64796448,"2015-06-07 00:39:27",607346095723835393,"my eyebrows  http://t.co/Zqk0laCRvy",0.7051
-79.95043400,40.46160889,"2015-06-07 00:39:28",607346097112154112,"An auspicious beginning #Anti-Pasta @ Bread and Salt https://t.co/XQFZLvXUXg",1.4086
-86.13570903,40.47473145,"2015-06-07 00:39:28",607346098026516481,"@ShakeBeDaName you left before we did",0.7573
-73.92843859,40.68276978,"2015-06-07 00:39:28",607346100467425281,"@TyTheRobot aw. Thank you! I'm just a #fanwithaplan honey. @FanBrosShow does the hard work!",1.1091
-75.18024400,39.96523666,"2015-06-07 00:39:29",607346101629370368," @ Philadelphia Museum of Art https://t.co/7oUGYItYZu",1.3504
-83.57040333,41.83816528,"2015-06-07 00:39:29",607346101679702016,"Cupid shuffle all night long @ wedding crashers https://t.co/biBxpIR64E",1.2278
-77.72006791,39.79776764,"2015-06-07 00:39:29",607346103202287616,"@LiamOkal @jacobshupp if he can break into my car for a good cause then thats ok",0.6438
-73.14508664,41.19104385,"2015-06-07 00:39:30",607346106813415424,"@_chyebk why you not coming bby?",0.6402
-83.12669450,40.60202789,"2015-06-07 00:39:30",607346108076068864,"I'm pretty proud of this kid and his party wasn't too bad @ He made bank https://t.co/qGsk5lVF74",1.3348
-72.39228110,40.94838333,"2015-06-07 00:39:31",607346112853254144,"Cant help myself when ya loook like that",0.6514
-74.02568050,40.18880844,"2015-06-07 00:39:32",607346114623356928,"Looking like a BIG night at the headlinernightclub for the return of the shore for our monthly https://t.co/KoMU7Uq9DP",1.4866
-71.48987500,42.49493027,"2015-06-07 00:39:32",607346116582100992,"So much love for these amazing people  Congratulations Cami and Cam! @ five star fam does https://t.co/vXZLd7hdDe",1.7045
-77.02070709,39.63875961,"2015-06-07 00:39:33",607346118175944704,"Uncle Freddie Fred and ZB #PigRoast2K15 @ Pig Roast https://t.co/NQhDZhHBMe",0.6427
-76.91502710,38.85110855,"2015-06-07 00:39:33",607346120147275776,"Don't lie about something and say u goin do &amp; don't do it ",0.8112
-79.34738159,43.67383194,"2015-06-07 00:39:33",607346120931483649,"Canada defeats China PR in Women's World Cup opener http://t.co/Gga4b4TJpP",1.1740
-74.43617165,39.35668564,"2015-06-07 00:39:33",607346121044803584,"'To us and only us. Now and forever.' Lucky Luciano in Boardwalk Empire

#AtlanticCity #boardwalk https://t.co/Bq8MsboRZm",0.8459
-86.14864022,39.69281006,"2015-06-07 00:39:35",607346128988864513,"Fuck straight heteronormative America",0.6256
-74.62897500,40.15158844,"2015-06-07 00:39:36",607346133132840960,"love my gf (kinda) @ lex has small feet https://t.co/26r8FMduXO",1.3217
-73.72235100,40.71136856,"2015-06-07 00:39:36",607346133619339265,"Wads of cash and floppy hats  @ Belmont Racetrack https://t.co/SJRpwCdRvH",0.7270
-73.97735500,40.75183868,"2015-06-07 00:39:36",607346133757739008,"We clean up nice! #kallyandpeter2015 #cipriani #sillyfaces romeroa19 @ Cipriani 42nd Street https://t.co/AOSX0rsGc3",1.7838
-73.97933200,40.30456924,"2015-06-07 00:39:37",607346137553608704,"Happy wedding #mrandmrsfish! @ Ocean Place Resort &amp; Spa https://t.co/yDzdnqEM2a",1.7258
-84.30815909,39.33110046,"2015-06-07 00:39:37",607346137826250753,"Congrats baby Tay and Justin @ weddings on weddings https://t.co/fZ5X86qjET",1.6173
-71.32423220,42.63895416,"2015-06-07 00:39:38",607346140003094529,"
Momento lindo
#benodoSenhor com nossa pastora luzia prcrisf @ Rcn Lowell/ Dracut https://t.co/1kVbSZVrfn",1.5676
-84.25824855,39.57324982,"2015-06-07 00:39:38",607346140409921536,"My shoulder just might fall off ",0.6463
-71.04049100,42.35136795,"2015-06-07 00:39:40",607346148626583552,"New Event: Boathouse Friday Cruises @ Spirit of Boston (Boston, MA) http://t.co/OdzdZk8fcg",1.2508
-85.90475348,42.96215057,"2015-06-07 00:39:41",607346153072553984,"@DecaziDW yes",1.2324
-79.65038322,43.60839462,"2015-06-07 00:39:41",607346154955784192,"Filter coffee time! #madras #southindian #yummy #foodie #mumbaipink (@ Saravanaa Bhavan in Mississauga, ON) https://t.co/o4ly3mQmKm",1.4181
-71.49153000,42.83149338,"2015-06-07 00:39:43",607346162195136512,"New Hampshire was cool but my hair was cooler @ throwback https://t.co/WWI8a2G98N",1.4832
-83.21360350,42.54683685,"2015-06-07 00:39:43",607346162572619776,"Carryout at @beSocialBham dinner time! (@ Social Kitchen &amp; Bar in Birmingham, MI) https://t.co/EigQx2MdWB",1.3125
-77.06272721,38.90465546,"2015-06-07 00:39:44",607346164162297856,"#enjoying #hot #delicious #crepe with #nutella at #muncheezdc in #georgetown #georgetowndc #yummers https://t.co/rE65d5EFij",1.3105
-77.22628020,38.98247147,"2015-06-07 00:39:44",607346165919694848,"Congratulations to our bride and groom Nikki and Casey Hoy! @ Old Angler's Inn https://t.co/K1dS1T7nP0",1.7854
-73.86556652,40.84030914,"2015-06-07 00:39:45",607346168083968000,"Our oldest #frenchie DC is not feeling well. He is on meds and trying to get better. Luis showing him https://t.co/o910dEFnY1",0.7799
-80.08652003,36.13634491,"2015-06-07 00:39:45",607346169329643520,"Something slight with the principal of the year @ Heck yeah Patricia https://t.co/YyTXkrkDmK",0.8563
-73.83782666,40.73490524,"2015-06-07 00:39:47",607346176199933953,"Exploring #flushingmeadowspark with #MyZoeyK [#flushing #corona #nyc #queens] @ Flushing Meadows - https://t.co/h7cCkS9ZPf",0.6422
-77.01745149,38.89766312,"2015-06-07 00:39:47",607346176208306176,"SAVOR - a craft beer event in our nations capital. @ National Building Museum https://t.co/GMlRTCuVrE",1.5984
-83.16959142,40.01963425,"2015-06-07 00:39:47",607346176908787712,"I got 3 extra passes to the memorial tomorrow. If anyone wants to go hmu",0.9597
-79.55903177,43.09279633,"2015-06-07 00:39:47",607346179068837888,"Sports marketing is all done ",1.2961
-84.51201960,39.10311890,"2015-06-07 00:39:48",607346184181575680,"Can you recommend anyone for this #job? Human Resources Flight Officer - http://t.co/z7XLg0AesG #Cincinnati, OH #HR #Veterans #Hiring",1.0891
-71.16422661,42.71570969,"2015-06-07 00:39:49",607346186056552448,"Peaking garden",1.2804
-76.97671890,38.63004303,"2015-06-07 00:39:50",607346191484002305,"Keep twatchin me lol ",1.3346
-73.91861111,40.69416809,"2015-06-07 00:39:51",607346196731031552,"Lillian has survived the move to Bushwick! We are exhausted but all moved-in thanks to the help of my https://t.co/SjQ0DlQ20M",1.6876
-83.00617484,39.98804474,"2015-06-07 00:39:52",607346198102573056,"Mangos Cafe Ultimate LED LIGHT Hookah using the Kaloud Lotus with natural coals!!  #mangoscafe https://t.co/4rSpP0lOZv",1.2717
-73.58958571,40.74619293,"2015-06-07 00:39:52",607346199717388288,"Found me a sweet spot in #love to practice my #hotsummeryogi flow for theyogajoint challenge today https://t.co/MBmZnEPmA8",1.6710
-73.99768687,40.76391602,"2015-06-07 00:39:53",607346202976354304,"The cutest! Fighting cancer by selling ourselves and our hot bods at a #bachelor #bachelor bidding https://t.co/w8M2Nymt2d",1.0219
-77.41054090,39.41426849,"2015-06-07 00:39:54",607346206562357248,"#Automotive #Job in #Frederick, MD: Master A/C Equipment Mechanic at Clinical Research Management http://t.co/0Rr2pmWrSX #Veterans #Jobs",1.1668
-75.13450000,40.18830109,"2015-06-07 00:39:54",607346209120993280,"Friggen nailed it! Sour Strawberries and cream - Drinking a Strawberry Cream at @theironabbey - http://t.co/rpR24JkW1J",0.9657
-73.90343911,40.74560165,"2015-06-07 00:39:55",607346212686204929,"Got a free footlong with the purchase of two. Wohooo! (@ Subway in Woodside, NY) https://t.co/56RV4BaFXq",1.5790
-73.04707034,41.31982422,"2015-06-07 00:39:57",607346220101697538,"@realdepp its somebody's birthday is it not?",0.6934
-76.44015070,40.33206177,"2015-06-07 00:39:57",607346220705697792,"I want ice cream",0.8368
-74.00232400,40.73030472,"2015-06-07 00:39:57",607346221158662144,"He said I was welcome to browse but could not just sit/read the books. I got so mad that I couldn't speak, left the store/wrote this tweet.",0.5879
-79.16682019,44.43212128,"2015-06-07 00:39:57",607346222010126336,"It's that time of the year  @ Beaverton Harbour https://t.co/xIEuSF0ELh",1.2199
-73.95276804,40.80924606,"2015-06-07 00:39:58",607346222798635008,"Congrats Shantae #GradParty #Harlem @ Dwyer Cultural Center https://t.co/BVXdghdhTI",1.3525
-72.50838330,41.77122498,"2015-06-07 00:39:58",607346225684336641,"'@maniarianna_: These Puerto Ricans across the street love fireworks man.' My white neighbors do to ",1.2432
-73.91826379,40.86084366,"2015-06-07 00:39:59",607346228091875328,"Happy birthday to my nephew Leo @ Sherman Creek Park https://t.co/lqe8ZoSY7h",1.4551
-75.07009870,39.72897339,"2015-06-07 00:39:59",607346228393832449,"Is instagram hurtin ya heart nigga?",0.6588
-75.17318408,39.95351791,"2015-06-07 00:39:59",607346229077540864,"Trying to lose like the guy behind me! @ Downtown Philly https://t.co/g7fA5smjf8",0.6391
-73.72235100,40.71136856,"2015-06-07 00:40:00",607346231128555520,"Keepin' this bad boy 

#triplecrown #americanpharoah #belmontstakes #belmont #newyork @ Belmont https://t.co/lbFweKZsnw",0.5894
-72.27354992,40.94282532,"2015-06-07 00:40:02",607346240947388416," #wolffer #easthampton @ Wolfer Estate https://t.co/nXTSyDb5Z2",1.2699
-84.19554353,39.81782532,"2015-06-07 00:40:04",607346251210891264,"#Hearties wow, that was deep!",1.4489
-77.42040000,39.42630005,"2015-06-07 00:40:04",607346251240194048,"Wedding day win. Gin &amp; tonics and sharing pad thai w/ @ohgollymolly while the kiddos play and https://t.co/xlTZcgeElh",1.5302
-79.07162333,43.25526428,"2015-06-07 00:40:05",607346255124172800,"Three generations and wine tastings  @ Wine Country Vintners https://t.co/wjCMA5lwxC",1.3513
-86.18438875,41.65449524,"2015-06-07 00:40:05",607346255153516544,"@_Lysergiaa damnn wanted to make a trip to the chi",0.7515
-77.00894520,38.55947876,"2015-06-07 00:40:06",607346256013357057,"Maryland Rockets 37, Germantown Heat-B 22, 8th Grade - Pool (D) #BALLOUTCLASSIC @exposurebball",1.2294
-74.18624789,39.63055420,"2015-06-07 00:40:06",607346256164352000,"'Me deixaaaa que hoje eu to bobeira'  #LBI #girlstrip #bacholorette #orappa @ On The Beach, LBI https://t.co/ND1rqRWwYt",1.7132
-71.15818094,42.26339340,"2015-06-07 00:40:06",607346258865487872,"I survived sharknado. #NightNation gustopolis  @ Brockton Fair Grounds https://t.co/RpZd0xoAjO",1.5002
-74.00906574,40.71557999,"2015-06-07 00:40:07",607346260434132992,"#nyc street #performance #hiphop #tourist #bigapple #art #fun #crazy @ Chambers Street https://t.co/agkYIl2WJV",1.4823
-76.23190000,43.04840088,"2015-06-07 00:40:09",607346270789844992,"Been waiting a while for this one. Pretty much lives up to the hype. W... (Sip of Sunshine) http://t.co/OsD7JGHmke #photo",1.5242
-73.93553738,40.85063934,"2015-06-07 00:40:11",607346277697888256,"LMAOOOO WHY JUSTIN GOT JAXON SAYING 'Deez nuts gotti' LMAO WHY",0.7012
-76.62095700,39.28551865,"2015-06-07 00:40:11",607346279098761216,"PET/MRI Has Arrived But Where Do We Go From Here?",0.6256
-76.95432827,38.98607635,"2015-06-07 00:40:11",607346279195267072,"All done! Packing up my gear for a quick one hour solo flamenco guitar gig. #cordobaguitar #mogami https://t.co/AHPwpknyZb",1.3186
-73.12622400,41.27119827,"2015-06-07 00:40:11",607346280101257216,"Sweet 16 party for Taj! ....@trisherr14 #Tajsweet16 @ Courtyard by Marriott Shelton, Ct. https://t.co/aZMEAPOrhr",1.7277
-76.81094870,39.37091827,"2015-06-07 00:40:12",607346281539862528,"Mile 2 Arsenal 0 

#MoreThanArsenal",0.8302
-74.22318333,40.39395523,"2015-06-07 00:40:12",607346284937256960,"pnc is back for the summmaaa @ best summer yet https://t.co/EJxyV7xuoB",1.6079
-78.66248321,35.79064941,"2015-06-07 00:40:13",607346286086508545,"Looking forward to some more battles. @ Atlantic Beach, NC https://t.co/LJ2IOSzRgf",0.9985
-73.89199800,40.86130142,"2015-06-07 00:40:13",607346288154288128,"I'm at North End Wine and Liquor Store - @northendliquors in Bronx, NY https://t.co/XK2tRCccDK",1.1888
-76.23960969,39.55582809,"2015-06-07 00:40:14",607346293422342144,"@Jordansreality feel free 2 follow me tho",0.7081
-74.48170410,40.49112320,"2015-06-07 00:40:15",607346295649542144,"Baby Cle!!! cleo__x3
#dandg #showstoppaz #dg4l #ss4l #youthwhodance #dancer #dance #danceislife https://t.co/LPgsQRGsNW",1.1923
-76.54440000,38.41809845,"2015-06-07 00:40:15",607346297243320320,"A big shoutout and an even bigger congratulations to my cousin Stephanie and her newly wed husband https://t.co/GsrF9yGCYq",1.4732
-76.67035600,39.17948532,"2015-06-07 00:40:15",607346297444659200,"When boredom strikes while waiting for your luggage at the airport...#selfiesession #sillyfaces https://t.co/XxoI0mSwF0",0.6352
-77.28971860,39.24611664,"2015-06-07 00:40:16",607346298300284928,"We've got fire!  @ssmochamoms #TheMochaExperience @ Little Bennett Campground https://t.co/tTL6eBE237",0.9986
-71.96056400,41.04442978,"2015-06-07 00:40:17",607346304591765504,"#Montauk  iortizfreuler @magdacumlaude pwainstein @ Navy Beach https://t.co/xlh8sWm6jg",1.3532
-74.23038530,39.57353210,"2015-06-07 00:40:18",607346308219691008,"No complaints @ North Beach Haven LBI https://t.co/AQEkGBnHjr",0.8059
-85.66808630,42.96335983,"2015-06-07 00:40:18",607346308362280961,"Want to work at Soliant Health? We're #hiring in #GrandRapids, MI! Click for details: http://t.co/S260i17aVB #InternalMedicine #Job #Jobs",1.3632
-71.07186389,42.34384918,"2015-06-07 00:40:18",607346308555411456,"Boston Sunset  #Saturday #SouthEnd #Sunset @ South End, Boston https://t.co/ouxKxAyas5",1.2649
-73.53391126,40.63784790,"2015-06-07 00:40:19",607346312535810048,"Jerry stack&gt;&gt;&gt;&gt;&gt;",1.2557
-73.92846420,40.68283844,"2015-06-07 00:40:19",607346313420603392,"I MET AFROCHEEKS! ----&gt; @thechicoleo at #SENYC (he's so cool)",1.6448
-78.83782700,35.77453995,"2015-06-07 00:40:21",607346320467234816,"Wearing my almost 1 of a kind @ULRaginCajuns baseball cap today!  #GeauxCajuns http://t.co/RLnAcsi0mg",1.4567
-73.99759384,40.71859741,"2015-06-07 00:40:23",607346327333269504,"Congrats #AmericanPharaoh first #TripleCrown in over 35 years! In#NYC watching it",1.3717
-82.98330000,39.98329926,"2015-06-07 00:40:23",607346327404617728,"Just posted a photo @ Columbus, Ohio https://t.co/h3bf1YBMDs",1.3074
-73.92651600,40.82961273,"2015-06-07 00:40:23",607346331171057664,"'I'd like to thank the good Lord for making me a Yankee.' -Joe DiMaggio  abellack90 @ Yankee Stadium https://t.co/aFbtVd1bI0",1.1509
-75.11710000,38.46039963,"2015-06-07 00:40:24",607346332043476992,"When in Delaware... (this is great beer). - Drinking a Red &amp; White by @dogfishbeer @ Bayside Pool   http://t.co/5E6vFSjjO3",1.3194
-80.01563627,40.44638062,"2015-06-07 00:40:24",607346332257419264,"And life was never worse but never better in wonderland  #lowkeydyingrightnow @ in your wildest dreams https://t.co/M11eW9Wu0m",0.7417
-79.34444906,44.64843369,"2015-06-07 00:40:24",607346333620535296,"Heard on b101, they mentioned the Rama Artists.  I feel some pride to see this happen! https://t.co/13gmTymega",1.2831
-84.19565452,39.66206360,"2015-06-07 00:40:24",607346333888991232,"@steve_ojones haha thank you!",1.8930
-73.94729633,41.08697891,"2015-06-07 00:40:24",607346334182567936,"When you make Kristina hike halfway up a mountain to only kinda see the sunset....sorry about the mud https://t.co/oKl3sblxmP",0.7618
-72.87386660,41.31944656,"2015-06-07 00:40:24",607346335491231744,"#celebratingLife even after working 16 hours couldn't miss my boy Vince Black 30th Bday cookout..... https://t.co/FE5TVrQqhL",1.1996
-71.08659891,42.34650803,"2015-06-07 00:40:26",607346339802955776,"Opened Pothole report via open311 at St Cecilia St http://t.co/vsgcFNz799. Please repair pothole on left side of street the user entered...",0.7175
-86.09055782,43.95215607,"2015-06-07 00:40:26",607346340524355584," @ Sunburn Island https://t.co/ANvxav10w3",0.6057
-78.88213207,43.04618835,"2015-06-07 00:40:26",607346343636529152,"Don't tell mom the babysitter's dead ",0.6584
-73.98372990,40.75391769,"2015-06-07 00:40:28",607346350842368000,"#empire #state #building @ Bryant Park https://t.co/ewS1REeuE1",1.1547
-74.45318814,40.46622849,"2015-06-07 00:40:28",607346351177912320,"Con el amor de mi vida maulis98 @ North Brunswick Ritas https://t.co/2xnDbYaecs",1.2583
-75.78557000,39.67581940,"2015-06-07 00:40:28",607346351546974209,"Our last #highschool #graduate!!!  #thebaby #2015 #SMHS @ At home in Abbotsford https://t.co/vM0bXAeNvX",0.7958
-73.96763000,40.69749832,"2015-06-07 00:40:29",607346354570993665,"Dinner with the LoSapio ladies. (with Michelle at Il Porto)  https://t.co/lYaqg8RF9s",1.2113
-84.63456273,44.32457352,"2015-06-07 00:40:30",607346356571795457,"you said keep our business on the low low",0.6555
-72.33700000,41.52119827,"2015-06-07 00:40:30",607346359969161216,"Drinking a Naughty Eskimo by @sb_brewing @ Lake House At Lake Hayward  http://t.co/GmbCGU36oe #photo",0.6418
-68.77110000,44.80120087,"2015-06-07 00:40:30",607346360703172608,"Beer &amp; Poutine - Drinking a Troublesome by @offcolorbrewing @ Blaze   http://t.co/73He12j6XM #photo",0.7687
-73.97811751,40.68655777,"2015-06-07 00:40:32",607346365761495040,"@cedarlake @BAM_Brooklyn tonight! #NewYorkCity is losing something really special tonight! #mindblown",0.8905
-83.00617484,39.98804474,"2015-06-07 00:40:32",607346366898151425,"Mangos Cafe Ultimate LED LIGHT Hookah using the Kaloud Lotus with natural coals!!  #mangoscafe https://t.co/kZu9vz4dhC",1.2717
-78.59281233,35.61476898,"2015-06-07 00:40:32",607346369012056064,"@sydkieft @karminn_r  with amanda?",1.2125
-78.16081948,39.09990311,"2015-06-07 00:40:33",607346370853388288,"@GroveBryan @Austinestrada_ As waka flocka once said, I go hard in the mothafuckin paint",0.7191
-73.88023773,40.74608994,"2015-06-07 00:40:34",607346374192078848,"happy 17th (22nd) to my best friend love u forever zfav @ Mahattan https://t.co/2LvSINWqfd",1.6051
-86.18454510,41.65460205,"2015-06-07 00:40:34",607346375504871425,"@Rachhomieqaun all head shots if ya think you can take my bitch",0.6813
-73.97735500,40.75183868,"2015-06-07 00:40:35",607346378696749056,"Family first! #kallyandpeter2015 #cipriani #elegant @ Cipriani 42nd Street https://t.co/kYfupLG3kr",1.3394
-76.26705330,36.78451538,"2015-06-07 00:40:36",607346382324776960,"One of our many adventures 
 @ Water Country Williamsburg https://t.co/nzipjBmeUo",1.4050
-71.08507263,42.30377197,"2015-06-07 00:40:36",607346382832287744,"This chick right here come all the way from LA to sleep. #SMDH @6klaud1a7 @ludakrys1 bernie02124 https://t.co/rqbsrueFOf",1.5225
-71.48987500,42.49493027,"2015-06-07 00:40:38",607346392386936832,"So much love for these amazing people  Congratulations Cami and Cam! #whendidwegetold @ five star https://t.co/vXZLd7hdDe",1.6846
-74.03127328,40.73156738,"2015-06-07 00:40:38",607346394094047232,"Just posted a photo @ Newport Beach https://t.co/0iJAmHG68B",1.5134
-84.46100855,42.80120850,"2015-06-07 00:40:39",607346395578814464,"moment of history http://t.co/x1vUY94Fih",0.8343
-71.11413203,41.67951965,"2015-06-07 00:40:39",607346396207935488,"Prom ft. Chrissy Smooooive @ White's of Westport https://t.co/kIzl2BkF6Y",1.2484
-79.38571937,43.64998627,"2015-06-07 00:40:39",607346396686098432,"Cerrando con broche de oro nuestro viaje!! Mmmm (@ Ruth's Chris Steak House - @hiltonhotels in Toronto, ON) https://t.co/9IiZlhV0BT",1.3841
-84.50666667,39.09749985,"2015-06-07 00:40:40",607346398498066433,"Bro tanks at the Braseball game #foryourtan @ Great American Ball Park https://t.co/iJtHL63aDE",1.2308
-84.19018678,39.75687027,"2015-06-07 00:40:40",607346400616185856,"Worked so hard for this!!! Went from 6th in my first show a month ago to 2nd today. I'd like to thank https://t.co/gxRL3otz7C",0.8263
-75.67481810,45.43946457,"2015-06-07 00:40:41",607346403677978624,"Huevos Rancheros for Brunch. @ Ola Cocina https://t.co/JoAUEjTQ5j",1.6635
-85.87320900,39.61125565,"2015-06-07 00:40:41",607346404625891329,"can't forget about the graduate, congratulations Faith!  @ Triton Central High School https://t.co/2HdGJ1ztDU",1.1849
-81.58695000,41.55254745,"2015-06-07 00:40:42",607346408816001025,"#THROWBACK WIT MY LIL NIGGA HIM WAS SO LITTLE #WHEREDOESTHETIMEGO? @ Cleveland Job Corps https://t.co/KTYHDchlEs",0.6727
-80.08276304,42.12824631,"2015-06-07 00:40:43",607346414969057280,"2 biggest turn offs: 
1) Seeing a man walk a dog tht weighs less than 30lbs
2) Seeing a man pet his hair thts longer and silkier than mine",0.6721
-79.07707441,43.08582687,"2015-06-07 00:40:45",607346423462559745,"#speechless
#niagarafalls @ Niagara Falls https://t.co/IXRXVdRFo0",0.5431
-73.37831184,40.70303345,"2015-06-07 00:40:46",607346423810637824,"always an adventure with her @ cropped David &amp;&amp; Cole out https://t.co/GsZcQgLnGx",1.3088
-76.51207810,39.29838943,"2015-06-07 00:40:46",607346424196513793,"Super bored",0.6243
-76.85798100,39.20299911,"2015-06-07 00:40:46",607346424246730752,"We're #hiring! Read about our latest #job opening here: Applications Software Developer - http://t.co/btFf8hDOuN #Columbia, MD #IT #Veterans",1.3056
-74.80810000,38.99649811,"2015-06-07 00:40:46",607346425362546689,"With some Stoli Vanila...tastes like a root beer float... (Not Your Father's Root Beer (5.9%)) http://t.co/Nh4YF3wB04",1.5324
-77.05991795,38.90129852,"2015-06-07 00:40:48",607346432610332672," @ Tony &amp; Joe's Seafood Place https://t.co/fRUNZgKKTA",1.3698
-77.03177127,38.91701889,"2015-06-07 00:40:49",607346437194698752,"'Cause were on top of the world #rooftopsandfriends @ 14th &amp; U Street https://t.co/SF1pCRn9Id",1.2886
-71.04049100,42.35136795,"2015-06-07 00:40:49",607346438285205504,"New Event: Boathouse Friday Cruises @ Spirit of Boston (Boston, MA) http://t.co/agTc9gZgK9",1.2508
-76.15590632,43.05018616,"2015-06-07 00:40:50",607346444169846784,"#tasteofsyracuse #dinosaur #bbq #smokedtoperfection #samples #foodaddict #festivalseason https://t.co/WHZVIEFjIy",1.3964
-73.98645400,40.76095963,"2015-06-07 00:40:51",607346448229900288,"Shoutout to me boy ade__wtp for his 30th birthday... @ The Attic Rooftop &amp; Lounge https://t.co/vRG8Ephf4m",1.2961
-71.10930000,42.32210159,"2015-06-07 00:40:54",607346457427984384,"Drinking a Sweet Action by @sixpoint @ Brendan Behan Pub  http://t.co/KcUoXAwOBY",1.6746
-77.20429690,39.17026520,"2015-06-07 00:40:55",607346462855282688,"If yore a #Hospitality professional in #Gaithersburg, MD, check out this #job: http://t.co/deTt6rPv2C #Veterans #Hiring #TweetMyJobs",1.7075
-73.94764148,40.77534866,"2015-06-07 00:40:55",607346463211982848,"Italian Dinner with my coworkers!!  @ Arturo's Italian Restaurant https://t.co/mcWKUIlWwP",1.2923
-74.87055422,41.03961182,"2015-06-07 00:40:56",607346467473358849,"Congrats @MurphyPIX @JayDowTV @MarioPIX11 on the AP wins !   @PIX11News bringing home some gold tonight :).",1.8518
-79.81966000,43.69795990,"2015-06-07 00:40:56",607346467775377408,"another sunset pic cause I'm yore average hipster @ in front of your neighborhood timmies https://t.co/3zSK1virWc",0.6334
-73.78657910,40.64685059,"2015-06-07 00:40:56",607346468601663488,"This wheelchair assistant from trinidad amd tobago does not like fat sari women or lazy fakers.",0.7178
-82.99879420,39.96117401,"2015-06-07 00:40:56",607346469473878016,"Soliant Health: ICU Travel Nursing Job Available in Columbus, OH (#Columbus, OH) http://t.co/9gR4e6fo9B #Nursing #RN #Job #Jobs #Hiring",1.5487
-76.81140340,39.37122726,"2015-06-07 00:40:58",607346477963333632,"@mufc4thefans Yeah they're pretty shit tbh",0.6155
-83.78489709,42.53199005,"2015-06-07 00:40:59",607346478806364160,"Probably the single most hectic place to take a picture but conGRADulations  @ Eastern Michigan https://t.co/VOxX3eHrVd",0.7774
-75.09181117,39.84043503,"2015-06-07 00:41:00",607346485181747200,"late hbd to my bff hope you had a great day ugly ily @ we r dressed cute 4 once https://t.co/r92A1EiTlV",1.2976
-70.97461300,42.26169205,"2015-06-07 00:41:00",607346485429211136,"@echosmith whenever I feel sad this makes me happy   http://t.co/5e6FDWwWCg",0.5668
-75.67020333,35.91036987,"2015-06-07 00:41:01",607346490634321921,"a baby goat fell asleep in my lap today  @ zoo to you, Dare Days https://t.co/GGyzNTqexW",0.7373
-74.88163850,40.06501770,"2015-06-07 00:41:02",607346492504961025,"#Stefan had a super Awesome #2ndbday #yogabbagabbatheme @yogabbagabba @ Olivero's dwelling place https://t.co/YqUoe4GFwy",1.5677
-80.60899130,40.27462769,"2015-06-07 00:41:02",607346494702809088,"Mikey would you like to go on a date that involves hours of illicit sexual behavior. @MichaelYoung06 @kashiyuka9 http://t.co/fItoFPYkzm",0.7658
-77.28418890,39.16842270,"2015-06-07 00:41:07",607346511840739328,"@omgitsloco can you follow back I need to ask you something .",0.8256
-84.20228437,40.04319000,"2015-06-07 00:41:07",607346514013339648,"STILL waiting on donuts... #EveryDaySheTumblin @ Strawberry Festival Donut Booth https://t.co/uPYastotyQ",0.9981
-74.31862855,40.65436554,"2015-06-07 00:41:08",607346518421590016,"Awe Uncle Robbie... His mama is #HardcoreCountry @robbieeimpact @mickiejames @magnusofficial @ https://t.co/d1KSmkq6Ek",0.7143
-79.23570131,43.70639420,"2015-06-07 00:41:08",607346518648070144,"The First Ladies.
#shapeladies #shapekids #shapelife #shapemom #fitness #family #tdot #trainer https://t.co/wd9x77uDw8",1.5565
-72.27750719,40.94514465,"2015-06-07 00:41:09",607346520560693248,"The jet set have arrived. Happy to have my crew pfrankmd dianafrank themarkmullett kbloomfield801 https://t.co/KcL0KbsY3o",1.2738
-76.76219177,39.31015778,"2015-06-07 00:41:09",607346520644567040,"Only in MD they deliver a Lawn Mower and leave it in front of your door #crazy @ Rod Browne's Home https://t.co/GcGNlmNRmH",0.7454
-73.97618800,40.68326569,"2015-06-07 00:41:09",607346521844129793,"U should be here with us #Lidreamteam  #Rocnation @ Barclays Center https://t.co/WEHXPA4SBo",1.3229
-73.93856970,40.84624863,"2015-06-07 00:41:09",607346522284523521,"Because I love avocado !!!! Eating good in the neighborhood @ Malecon Restaurant https://t.co/cEur44Zdpt",1.6424
-74.00619919,40.74423981,"2015-06-07 00:41:10",607346524314603520,"#Art is everywhere #nyc #graffiti #colors #kiss #history #love  @ The High Line https://t.co/fH6QWiSRDu",1.3563
-83.03708870,42.33776855,"2015-06-07 00:41:10",607346526336204800,"Let's slay! Don't delay...Order your bundles today. Enjoy 15% off your entire order! E-mail us at https://t.co/MvoHlfgUhd",1.0363
-76.99441910,38.81787109,"2015-06-07 00:41:10",607346528257253376,"@alldat_Chalant her dads twin omg",0.7648
-79.35955465,43.65047073,"2015-06-07 00:41:11",607346529322549249,"It may have rained a bit yesteday, but we were still able to take some awesome selfies outdoors! https://t.co/AnDzzb0pDW",1.3054
-72.17140000,43.36629868,"2015-06-07 00:41:11",607346531805626369,"And the sun goes down on a sleepy little town.... #nhlife #nhweekend #inthe603 @ Newport, New Hampshire https://t.co/yUeqcuiEnC",0.6368
-83.17853610,42.25059509,"2015-06-07 00:41:12",607346532765941761,"Spectrum Brands #Sales #Job: Seasonal Merchandiser -Lincoln Park, MI (Open) (#LincolnPark, MI) http://t.co/zyntaKiEie #Jobs #Hiring",1.4184
-81.34538580,41.31755447,"2015-06-07 00:41:12",607346535756496896,"We're #hiring! Click to apply: Temporary Sales Support... - http://t.co/LU1wMcyhCK #Retail #LoveFashionLetsTalk http://t.co/UuioFCq9zv",1.2954
-75.17957723,40.19292450,"2015-06-07 00:41:12",607346536046051328,"love my ladies @ last show https://t.co/KH99uCWnNu",1.2034
-80.78058540,41.22420502,"2015-06-07 00:41:13",607346537589374976,"Most outrageous video I've ever seen '@FunnyPicsDepot: Gang fights during the 4th of July 

http://t.co/ewgI6yBPm9'",0.6783
-81.43294500,41.61573410,"2015-06-07 00:41:13",607346538491166720,"Right now I'm watching #TheWhispers",1.5491
-73.99201852,40.75920486,"2015-06-07 00:41:13",607346538835288064,"#Fsmily  @ Chimichurri Grill https://t.co/FxlcQ0c89h",1.3367
-86.16864965,41.62258530,"2015-06-07 00:41:13",607346539346968576,"much love for Airwrecka  @ Elana's Pool  https://t.co/mrGWqU59qb",1.5525
-76.60798908,39.28591537,"2015-06-07 00:41:14",607346542152974336,"8:40 pm y aun de da Jajajajaja nos queda ms tiempo para beber,  salud  @ Maryland https://t.co/FW2QvsunWs",1.6248
-77.94779914,44.32116318,"2015-06-07 00:41:15",607346547735580673,"Being sexy and watching the sunset, with a sexy car. #SexySunsetWatch #BMW 650 Cabriolet all weekend! https://t.co/dK4LS32eSe",1.4849
-76.71894106,39.29323578,"2015-06-07 00:41:16",607346551724363776,"I won't hesitate to cock this here arm and make it reign on a bitch",0.5834
-79.38283088,43.63855362,"2015-06-07 00:41:17",607346554987548672,"Just posted a photo @ Harbourfront Centre https://t.co/4Y7Bk15fQd",1.4296
-85.64121414,41.75785828,"2015-06-07 00:41:17",607346556929495040,"I never want to leave @ Fish Lake https://t.co/2SNgOh6apG",0.7547
-79.58197052,43.55492401,"2015-06-07 00:41:18",607346558959546368,"@niccancook 10 herbs and spices chicken wings and shishito peppers with crispy shallots and spicy https://t.co/QzpZ4kv0dg",1.4580
-82.92906960,40.12617493,"2015-06-07 00:41:18",607346559571787776,"Can you recommend anyone for this #job? Oracle Training Developer/Instructor - http://t.co/DWs61iAhH2 #Westerville, OH #Education #Hiring",1.3901
-76.82336750,39.46313095,"2015-06-07 00:41:18",607346560146534400,"This party cool",1.6263
-73.83171458,40.84288788,"2015-06-07 00:41:18",607346560259751936,"There's this chick I don't follow.she follows some what celebs and tweets to them.Now she says Mets should forfeit",0.6036
-75.54352987,39.93742752,"2015-06-07 00:41:19",607346565309689856,"Dont forget that on June 15th Jeb is going to announce the Bush run at their own version of the triple crown",0.7454
-79.41404000,43.63056946,"2015-06-07 00:41:19",607346565997543424,"@jeffschroeder23 bbjordanlloyd best #bigbrother night would you say @ Molson Canadian Amphitheatre https://t.co/4nW3qlIp7W",1.4316
-83.05873540,42.32398605,"2015-06-07 00:41:20",607346568807612416,"It's always a Riot' hanging out with @rascalflatts #DowntownHoedown http://t.co/WJvUXgmlAW",1.7284
-73.72468654,40.71199417,"2015-06-07 00:41:21",607346571118821377,"WE DID IT! CHAMPION!! TRIPLE CROWN!! #BelmontStakes #TripleCrown #AmericanPharoah #Belmont2015 @ https://t.co/fXvPAWY2pg",1.3758
-81.49099239,41.43078232,"2015-06-07 00:41:21",607346572616044544,"I found a wine I can drink ",1.4655
-73.72235100,40.71136856,"2015-06-07 00:41:22",607346575950671873,"that little blue guy won a triple crown today. and i cried.  #americanpharaoh @ Belmont Racetrack https://t.co/LePrPSjPvr",0.5718
-80.01583333,40.44666672,"2015-06-07 00:41:22",607346576416243713,"*Insert T-Swift lyrics here* #1989Tour @ Heinz Field https://t.co/YGURX7N8fB",0.7985
-80.01557638,40.44639206,"2015-06-07 00:41:22",607346578601472000,"First of many concerts of the summer with my favorite people  @ Taylor Swift 1989 At Heinz Field https://t.co/ZuOnbonBaz",1.4072
-71.84080000,42.27859879,"2015-06-07 00:41:23",607346579104792576,"@Silau25 @monicasloves @Jilliemary @RowlandSara @diannewade18 @ZoraidaPalacios Hugs and kisses Sylvia http://t.co/N5MojTlQlQ",1.5296
-77.63721493,35.88405609,"2015-06-07 00:41:24",607346583974375425,"When You  Feel Like Your Lost  Without Someone Because Things Aren't The Way They Use To Be And You Barely Speak. ",0.7022
-75.16040000,39.94969940,"2015-06-07 00:41:25",607346589129162753,"Drinking a Pop-Up Session I.P.A. by @Boulevard_Beer at @finn_mccools  http://t.co/ljgu4GJTk3",0.7728
-78.21807833,39.24412918,"2015-06-07 00:41:25",607346590597136384,"X Games And Puppy Ava @ Casa Michelitch https://t.co/JVGTsfbVsA",1.1498
-73.92285565,40.70694351,"2015-06-07 00:41:26",607346591872258048,"Gente estranha e zuera sem fim 1 @ Bushwick Open Studios https://t.co/Gv1X1ulg9f",0.7500
-83.79885800,39.96677780,"2015-06-07 00:41:27",607346599237459968," @ too much pink?  https://t.co/6IJexMlrH9",0.7378
-76.83727709,39.17663574,"2015-06-07 00:41:29",607346605537280000,"Back at our fav Indian spot doing the #IndianHeadBob!! @SweetKimSum #KayleeElisa https://t.co/VmVW5Nmjhs http://t.co/mTCWXkM8Ii",1.1597
-70.64339847,42.09164810,"2015-06-07 00:41:29",607346606220963840,"Another beautiful sunset in Marshvegas @ Brant Rock Beach https://t.co/o8sizeHO3W",1.5911
-73.91890000,40.86439896,"2015-06-07 00:41:30",607346609999998976,"#Art @ 207th Street https://t.co/dP0cM34maR",1.3197
-74.52477790,40.89609909,"2015-06-07 00:41:31",607346613929938944,"When you kinda glo up but dont want to admit it @Hina_Seed http://t.co/W0lG0ygm9x",0.7516
-77.45667893,37.55102539,"2015-06-07 00:41:32",607346616765423616,"Reminiscing - shoutout to my best friend for being there through it all! We've accomplished so much https://t.co/O2eR9o08Mb",1.6248
-78.52882994,36.33333588,"2015-06-07 00:41:32",607346620066365441,"Let's just skip exams and go back to the beach @ Take me back https://t.co/gXCYo67Cgp",0.6027
-74.27148373,40.62826538,"2015-06-07 00:41:34",607346626512986112,"Back from #vacation and not pleased. @ City of linden, NJ https://t.co/ca5nelDK5T",0.9614
-73.40625101,41.12134171,"2015-06-07 00:41:34",607346627960041473,"Going to miss these boys so much! One week was not long enough. Love them so much! Can't wait to go https://t.co/nZAOCUfVzn",0.8768
-73.97880500,40.72386551,"2015-06-07 00:41:34",607346628505280512,"All we need is love  @ Alphabet City, Manhattan https://t.co/sXpKCuiXm6",1.2715
-75.67481810,45.43946457,"2015-06-07 00:41:36",607346636361220096,"Tacos for supper. @ Ola Cocina https://t.co/xfrZl9UFyJ",1.4059
-73.97618800,40.68326569,"2015-06-07 00:41:37",607346637715984384,"Congrats to the champ @realwhitetiger1! Knocked the dude out in the first round!  #oneminuteman https://t.co/ZlaBfB4lH3",1.6427
-74.45285800,40.49964905,"2015-06-07 00:41:40",607346652861591552,"MEET ME TONIGHT AT SCARLET PUB!!!!!! FOLLOW ME &amp; THE REST OF THE SCARLET PUB CREW AS WE TURN UP ON A https://t.co/nrb1RH27n7",1.3949
-77.35925610,38.95813370,"2015-06-07 00:41:40",607346654287675392,"No dad! Don't eat me! #VSCOcam #jkraby @ The Counter Reston https://t.co/tataAfC1T1",0.6759
-77.58887864,38.78577423,"2015-06-07 00:41:41",607346655415947264,"7 years friends are the best friends  @alliebax @merekimm @ Jiffy Lube Live https://t.co/dPq3hMiHCO",1.6895
-77.03636580,38.89511108,"2015-06-07 00:41:41",607346658179833856,"Lexmark #CustomerService #Job: Field Service Tech - Washington, DC (#Washington, DC) http://t.co/BuG3yll7r6 #lxkcareers #Jobs #Hiring",1.4961
-81.54304830,41.41632462,"2015-06-07 00:41:42",607346659497021441,"I Coulda Fucking Left Man ",0.5644
-74.00863200,40.71335220,"2015-06-07 00:41:42",607346660189040640,"Happy Birthday Ian! Squad rolling deep #HBD #squadup #squad #rolldeep #gscrew #latergram @ Barleycorn https://t.co/Fui13LQ3p9",1.2327
-75.67774929,40.03236771,"2015-06-07 00:41:42",607346660587503616,"Large turbo iced coffee at 8:40pm... Looks like it's YPN website update time...  (at @DunkinDonuts) https://t.co/ehZJsqvtRa",1.4116
-78.63803900,35.77705765,"2015-06-07 00:41:42",607346661615140865,"Fox(es) @ Fox Liquor Bar https://t.co/yPVwOv6e8L",0.8040
-80.43315833,40.42002487,"2015-06-07 00:41:42",607346661912887296,"Jammin with Dave Mathews @ First Niagara Pavillion https://t.co/UvPEJY4YDv",1.2889
-71.04049100,42.35136795,"2015-06-07 00:41:42",607346662412025856,"New Event: Boathouse Friday Cruises @ Spirit of Boston (Boston, MA) http://t.co/vnPB39kJ1k",1.2508
-73.99734300,40.76359558,"2015-06-07 00:41:43",607346663955566592,"I live every day like its my last. I don't know when my last breath will be. But at least I know I https://t.co/s9zSoIuovE",0.7263
-73.97511438,40.77198792,"2015-06-07 00:41:43",607346664031064064,"Another gorgeous afternoon in the park! #centralpark #nature #nycnights #nevergetsold #myhappyplace @ https://t.co/1VsNcI24Vf",1.4994
-80.25480000,40.51119995,"2015-06-07 00:41:43",607346665394208769,"Good drive in movie drink! Nice grapefruit summer taste... (Block House Summer Break) http://t.co/NfFILo0v7L #photo",1.1956
-79.83842005,40.10245895,"2015-06-07 00:41:44",607346670829838337,"Fuckin hawks",0.7107
-76.61448018,39.27751923,"2015-06-07 00:41:45",607346672658751488,"Mark Cottman at his gallery ... #Hipstamatic #Victoria #StandUp http://t.co/UP6ghSjild",1.1648
-83.14993220,42.65836716,"2015-06-07 00:41:47",607346679709208576,"See our latest #RochesterHills, MI #job and click to apply: Senior Embedded Software... - http://t.co/baY7AE9pzy http://t.co/CQpjIM1XhP",1.6741
-73.86968004,40.73447037,"2015-06-07 00:41:47",607346681454202880,"Here one guy said I can repair the phone glass myself I'm not going to try that they said it would https://t.co/ByoW9WSecr",0.7135
-73.92548405,40.79794312,"2015-06-07 00:41:47",607346682238517248,"That perfect time of day when you  just feel so in the moment. #GovBallNYC #sunset #musicfestivallife https://t.co/kQOKgCXfY9",1.5293
-73.99122271,40.40398407,"2015-06-07 00:41:47",607346682498555904,"On the #jerseyshore on the way to #camp and ran into a #brotherjimmysbbq jimgoldman chefcara @ https://t.co/YQKRyn2IJR",1.1569
-79.43229000,43.64986038,"2015-06-07 00:41:48",607346683874279426,"Regret that I didn't pick this up at the #dundasWest street fest today. @ Life of Manek https://t.co/U4qP63bqfk",0.6855
-79.94842339,40.14936066,"2015-06-07 00:41:49",607346689540644864,"Derek Evans just snapchatted me but can't answer my text ",0.6130
-83.00617484,39.98804474,"2015-06-07 00:41:50",607346692585844736,"Come mango with us #mangoscafe #khalilmamoon #onfire #seductive #passion #socialsmoke https://t.co/IA1gNgwRiW",1.5418
-78.89468740,35.99038696,"2015-06-07 00:41:50",607346695115014145,"@RUWandering @bullcitycidery 'Yeee Know Too Much' #LittleBritain http://t.co/1m5R5LJGgh",0.7147
-79.82545853,36.05694199,"2015-06-07 00:41:50",607346695161171968,"I'm at Greensboro Coliseum Complex - @gbocoliseum for Black and Brown Comedy Get Down: Cedric 'The Entertainer',... https://t.co/qZy9CH0HWq",1.4022
-79.60980990,35.70431900,"2015-06-07 00:41:51",607346699187712000,"O'Grady-Van Bencoten #Wedding 
#Photobooth at it's finest! Lol  @ Harvest House and  Catering https://t.co/O7r48uu4EV",1.4038
-81.54990290,41.07613754,"2015-06-07 00:41:52",607346702325030912,"Miss him already",0.5770
-78.72961860,35.88520050,"2015-06-07 00:41:52",607346702463451136,"@msingletary_ I was going to have a future... then sophomore year came in like a wrecking ball...",0.6956
-79.35980000,43.64590073,"2015-06-07 00:41:52",607346704283799552,"Drinking a State of Mind by @CollectiveBrew @ River Gambler  http://t.co/csVoBh3p6Q",1.3100
-73.91835347,41.98176956,"2015-06-07 00:41:53",607346706968133632,"A walk at Poet's Walk Park #HudsonRiver #VSCOcam #PoetsWalk #outdoors @ Poet's Walk Park https://t.co/KLY80NBfPv",1.1865
-73.92814220,40.86626434,"2015-06-07 00:41:53",607346707702140928,"Happy birthday Courtney!!! @50cent @diving4hearts @ Mamajuana Cafe NYC https://t.co/TEIyFsZbT9",1.5706
-73.95995551,40.71974182,"2015-06-07 00:41:54",607346710747213824,"Yum. Scored patio seating  first time at cafemogador with the Cao/Le family. @ Cafe Mogador https://t.co/8inkrF3CR5",1.6866
-73.96135600,41.37717056,"2015-06-07 00:41:55",607346713670656001,"La Familia #mom &amp; #sis #ostrilowichwedding @ Thayer Hotel https://t.co/kxWygukxTT",1.3662
-73.99686400,40.70608521,"2015-06-07 00:41:55",607346714236841984,"Hanging out in #Dumbo with.... My #love #NewYork #Brooklyn #sunset @envirograffiti @ Brooklyn Bridge https://t.co/a2zvMZJKdO",1.2663
-75.25122800,39.93412781,"2015-06-07 00:41:56",607346717298724866,"King son Prince @ All Together Lovely Hair Studio https://t.co/gJi3eNO72Z",1.3697
-83.11064148,40.18617249,"2015-06-07 00:41:56",607346717730697216,"when I'm bored I dance around my room",0.5912
-81.89431070,41.42643738,"2015-06-07 00:41:56",607346721207775232,"We have fun. @ Fat Head's Brewery &amp; Saloon https://t.co/WnocjtgDxO",1.5243
-84.43160000,42.28680038,"2015-06-07 00:41:57",607346721455263745,"Of course, this is a must get. - Drinking a Jazzberry by 127 Brewing at @shedsbrewing   http://t.co/kaMIFHYof7",1.0897
-83.01068286,39.96877289,"2015-06-07 00:41:57",607346724076691456,"summit CD gets out of bases loaded jam in B4. 3-0 CCC headed to T5",0.8543
-77.01740000,38.89759827,"2015-06-07 00:41:57",607346724907155457,"Drinking a Pocahoptas by @COTUBrew @ Savor: a American craft beer &amp; food experience  http://t.co/EHsPoxA4xD",1.7087
-73.16644950,41.18880844,"2015-06-07 00:41:59",607346732049891328,"We're #hiring! Click to apply: CARDIAC SONOGRAPHER - http://t.co/0SIbOxE7Pn #Healthcare #Bridgeport, CT #Job #Jobs",1.3369
-84.35683514,39.03411865,"2015-06-07 00:42:00",607346737284583425,"First in the pool!  harrison_walz sketchmcawesome #pooltime @ Beiting's River Camp https://t.co/v8simRMZ5V",1.3238
-75.96878009,41.33945465,"2015-06-07 00:42:00",607346737330712576,"'Let's take a selfie and send it to my mom' @  https://t.co/aFl8tPcnu2",1.1689
-75.20128600,41.91347885,"2015-06-07 00:42:01",607346739037798400,"Weekend sunset mountain vibes #happysaturday #ilovecamp @ French Woods Sports and Arts Center https://t.co/58zMJWVrn0",1.7755
-84.74048636,39.01704407,"2015-06-07 00:42:01",607346741046845440,"besties grad party  @ShearerSydney http://t.co/W62VyhXUBJ",1.2462
-76.30850000,40.04169846,"2015-06-07 00:42:02",607346744314241024,"Drinking a Fantasia (2015) by @UprightBrewing @ Ma(i)son  http://t.co/av6dh49NuQ #photo",1.2460
-70.09697005,41.28858566,"2015-06-07 00:42:05",607346757366902785,"I don't think I'm in Kansas anymore  @ It's Nantucket guys https://t.co/u8m5CiEdl7",0.6430
-83.00625030,39.97143173,"2015-06-07 00:42:06",607346760365821952,"All set up and ready to go. (@ Garage Bar - @thegaragebar in Columbus, OH) https://t.co/1CSIsARm92",1.4839
-77.00894520,38.55947876,"2015-06-07 00:42:06",607346761288531968,"Maryland Rockets - 9th 37, Clarksburg All Stars 35, JV - Pool (E) #BALLOUTCLASSIC @exposurebball",1.2752
-83.05158976,40.05065155,"2015-06-07 00:42:06",607346763238932480,"Uncle hooked us up with a free boat  @ Akai Hana https://t.co/BiYkl9NcyG",1.5686
-73.96576278,40.75443268,"2015-06-07 00:42:07",607346763704475648,"Soon to be sisters! Girl knows how to put on a good shower! #stealingyourname #stizgetshitched #ethos https://t.co/tDtk9kr4CI",1.1688
-73.58292153,45.51672363,"2015-06-07 00:42:07",607346765193461760,"Having supper with my love  @oliveirakayla at the restaurant Crudessence !!! Kale salad for me plz https://t.co/n39muOZ7LO",1.6468
-77.00894520,38.55947876,"2015-06-07 00:42:08",607346768976691201,"Team Fire Elite 28, SMD Heat 20, JV - Pool (F) #BALLOUTCLASSIC @exposurebball",1.4767
-86.13032644,40.47657394,"2015-06-07 00:42:08",607346769358422016,"@ShakeBeDaName niggaaaa we was the very last to leave lol why I gotta lie ",0.6196
-77.62069001,37.63149643,"2015-06-07 00:42:09",607346772936167426,"@NerdySiren your tweets today sound like a friend I know who's getting married soon",1.2144
-80.08892467,40.30129623,"2015-06-07 00:42:10",607346776924954624,"@PaytonEverett that's a drink longer than it takes Tyler.",0.8044
-73.99057943,40.72919464,"2015-06-07 00:42:10",607346779676413952,"The unparalleled splendor of New York City. @ The Cooper Union https://t.co/PWeNAzNSdn",1.7391
-75.14068257,39.96406555,"2015-06-07 00:42:12",607346786034937856,"Fun in the sun! Now for next misdemeanor! (at @StandardTap in Philadelphia, PA) https://t.co/RQyqZcUeF5",1.0575
-73.99024847,40.74267960,"2015-06-07 00:42:14",607346793475653632,"Preshow drinks (@ Bo's Kitchen &amp; Bar Room - @bos_nyc in New York, NY) https://t.co/gRLHNjYdzT",0.7382
-76.12725850,36.89714432,"2015-06-07 00:42:14",607346793534390273,"Great way to end a fun day of sand soccer. #nassc @ 18th Street, Virginia Beach https://t.co/49WkifALDi",1.7819
-83.89270000,39.80170059,"2015-06-07 00:42:14",607346794738130944,"Leslie and Doug of Peach Mountain. Heirloom organics and garden starts. #bittmantopics #ysgram @ https://t.co/on8YT9KZBB",1.2491
-73.83171631,40.84288788,"2015-06-07 00:42:14",607346796680093696,"Season. Her tweets are so......don't think she follows most I follow",0.7642
-75.14014430,39.95167923,"2015-06-07 00:42:15",607346798114545665,"Just posted a photo @ Penn's Landing Waterfront Philadelphia Pa. https://t.co/H838QclaTr",1.5715
-72.96772601,40.79041290,"2015-06-07 00:42:15",607346800303816705,"sucks that I can't please everyone",0.5152
-73.72225000,40.71505737,"2015-06-07 00:42:15",607346800694071296,"#TripleCrown!!!  #Belmont @ Belmont Park https://t.co/hn1eTxt7uP",1.1971
-74.00255705,40.73037720,"2015-06-07 00:42:16",607346803776888835,"A few mins ago I was inside reading a good book for free now I'm outside reading your stupid tweets instead cuz the fking guy kicked me out",0.5922
-73.98570092,40.75783920,"2015-06-07 00:42:16",607346804221480960,"Touchdown #Time Square  http://t.co/aGbLqcsmxo",1.1610
-75.01282459,40.13156509,"2015-06-07 00:42:17",607346807228760064,"Sweet Eureka kicking off the Philly Paws Event at #bullshooters #dvtentertainment #phillymusic https://t.co/j8Ylg58IFE",1.2090
-75.25925599,39.94244385,"2015-06-07 00:42:20",607346819174166528,"@MrTopTweets @LifeTextMessage  LOL! You got me! Funny",1.4731
-74.00640000,40.71419907,"2015-06-07 00:42:21",607346822219202561,"#no filter @ New York, New York https://t.co/dZu8lola7d",0.8210
-76.60812380,38.27302170,"2015-06-07 00:42:21",607346825549508610,"5K Walk 'Relay For Life' Celebrate. Remember. Fight Back.  #AmericanCancerSociety #RelayForLife https://t.co/6TlxK7eYQb",0.9537
-78.64352930,35.77860260,"2015-06-07 00:42:24",607346834865037312,"With Love, Mella @EstateNC @MellaFiasco http://t.co/pSTtJG0zUN",1.5528
-73.97995200,40.57537079,"2015-06-07 00:42:24",607346836043612160,"It's lit  @ Coney Island USA https://t.co/2sLYeJ5nhZ",1.2082
-84.48292136,42.73618698,"2015-06-07 00:42:24",607346837146714112,"We got carded! (@ Harper's Restaurant &amp; Pub - @harpersbrewpub in East Lansing, MI) https://t.co/lqI3NVeEo5",1.3666
-73.22266339,44.47709274,"2015-06-07 00:42:25",607346842020511745,"#sunset #bvt @ Splash At The Boathouse https://t.co/36ardRFbC1",1.2001
-79.40368093,43.63882828,"2015-06-07 00:42:27",607346847393456128,"I'm thinking #thewarondrugs was her favorite set fieldtriplife #firstconcert #4over5 https://t.co/t37zpQUEhd",1.2005
-81.49474463,40.54679489,"2015-06-07 00:42:28",607346851969384448,"One of my favorite places on earth #Chevelle #SS454 http://t.co/wtvZ5PsAIb",1.3797
-70.86950683,42.53504944,"2015-06-07 00:42:28",607346854620233728,"These two #nuggets eating an ice cream and watching the #sunset at #SalemWillows. #love #priceless https://t.co/YMf8BTtHg4",1.5720
-86.12234972,39.85519791,"2015-06-07 00:42:29",607346859296858112,"Wings and beer @ Keystone Sports Review https://t.co/v4Ob0qRSqq",1.3704
-70.26040077,43.65619659,"2015-06-07 00:42:30",607346859837915136,"I'm at Port City Music Hall - @portcitypcmh for Rustic Overtones in Portland, ME https://t.co/qbl6nJa0x0",1.3258
-73.92548405,40.79794312,"2015-06-07 00:42:30",607346859946967040,"Got here just in time to see #cleanbandit play one of my favourite club songs #ratherbe @ The https://t.co/Moaz9Etxvb",1.4602
-82.20236910,38.80980301,"2015-06-07 00:42:30",607346863528738817,"Can you recommend anyone for this #Hospitality #job? http://t.co/nV4J4qignf #Gallipolis, OH #Hiring",1.4095
-73.72468654,40.71199417,"2015-06-07 00:42:31",607346864250322945,"WE DID IT! CHAMPION!! TRIPLE CROWN!! #BelmontStakes #TripleCrown #AmericanPharoah #Belmont2015 @ https://t.co/Ginc2TCtFE",1.3758
-71.57727400,41.99869156,"2015-06-07 00:42:33",607346873595101184,"DRUNK  #aintboozinloosin",0.6207
-73.82744558,42.90342331,"2015-06-07 00:42:33",607346873767198720,"My soon to be extended family is the best! #foggeowedding @ Vista Restaurant https://t.co/DHOi0oT4Pq",1.1654
-77.03636580,38.89511108,"2015-06-07 00:42:34",607346878724767745,"Can you recommend anyone for this #job? Epic Clarity Report Writer (Ambulatory) - Washington D.C. - Epic Job - http://t.co/9BjWQcTxL5 #IT",1.5843
-74.25374570,40.42728806,"2015-06-07 00:42:35",607346881379893248,"bestest friend till the very end @ mattybabys trap house https://t.co/G5rERWBEt6",0.7550
-72.24285870,40.93676758,"2015-06-07 00:42:35",607346884743544832,"The TJX Companies: Retail Associates - HomeGoods - Wainscott, NY (#Wainscott, NY) http://t.co/GD9NbmDrGV #Retail #Veterans #Job #Jobs",0.7025
-76.35620000,39.41490173,"2015-06-07 00:42:36",607346888522760193,"Sweetest corn I've had in a while #ChubbyGirlDiet #Food  #Blue @ Joppatowne, Maryland https://t.co/iMSsuUQuvA",1.2159
-76.71894534,39.29325104,"2015-06-07 00:42:37",607346889281949696,"Bro give the word and it's nap time",1.1658
-77.48664100,37.55823898,"2015-06-07 00:42:37",607346890959634432,"Doing some hickory-smoked corn on the cob tonight. Keeping the smoke nice and low gives it a subtle https://t.co/NVu8L5ryUk",1.1963
-71.84080000,42.27859879,"2015-06-07 00:42:37",607346892268269568,"@Silau25 @ZoraidaPalacios @dianemiller222 @okej1950 @miguelgraug @LMJB @wissa64 @affinittty Peace and love http://t.co/guYzqZLkm6",1.6656
-74.00044300,40.72967529,"2015-06-07 00:42:38",607346897335013376,"One of the greats in NYC is just walking endlessly and you end up finding that first spot to chill. https://t.co/Mw8fnNVel7",1.5252
-83.23799380,42.43610001,"2015-06-07 00:42:40",607346904184311808,"@TheRealOpa__ ill put in , you at home ?",0.8611
-79.39405976,43.63696289,"2015-06-07 00:42:43",607346915580231680,"I'm at Toronto Music Garden in Toronto, ON https://t.co/igRoSBA3gS",1.1695
-75.20692940,43.16142654,"2015-06-07 00:42:43",607346917408968704,"BANDAIDS DON'T FIX BULLET HOLES -TSWIFT",0.7592
-71.57051330,41.67330170,"2015-06-07 00:42:44",607346921943003137,"Someone already made a Riley Curry twitter account smh",0.7304
-73.98166667,40.72638702,"2015-06-07 00:42:46",607346930335772672,"In NY's sky. #bkuesky #iluvnyc #lovemoment #heart @ Tompkins Square Park https://t.co/3qUiodoarC",1.5988
-76.80140779,39.39927292,"2015-06-07 00:42:46",607346930960748544,"#theferrells #teamus #teamferrell #dinner #date #artful @ Artful Gourmet Bistro https://t.co/mQZ5Y5JeiN",1.7492
-85.50972260,42.92192841,"2015-06-07 00:42:47",607346933091287040,"We're #hiring! Click to apply: Care Manager / CNA - http://t.co/EMf6TpOs37 #Nursing #GrandRapids, MI #Job #Jobs #TweetMyJobs",1.4459
-76.00614100,42.10139465,"2015-06-07 00:42:47",607346933544439808,"Minions everywhere!!!!  Despicable Me on the big screen. (@ Matthews Drive In Series in Vestal, NY) https://t.co/pexbCHGwSc",1.4226
-74.00251133,40.73036194,"2015-06-07 00:42:48",607346935524139008,"I prolly would have purchased the book you fuck man. I'm so mad at you.",0.6417
-71.47743771,42.94591904,"2015-06-07 00:42:48",607346937537413120,"Love this guy  #heaneymorinwedding @ Manchester Country Club https://t.co/6V8aPy0oIf",1.4251
-76.17794990,36.86517334,"2015-06-07 00:42:49",607346943564627968,"Im tweetin nothing but kevin gates music idgt lmao",1.3095
-78.04006980,43.22626877,"2015-06-07 00:42:50",607346947142385664,"Need some for varient $8s @ShawnAbner",0.7860
-72.63169420,41.78626251,"2015-06-07 00:42:52",607346952284553216,"Solo times 100",0.8465
-71.03908933,42.07241058,"2015-06-07 00:42:52",607346954511785984,"NightNation run! (@ Brockton Fair in Brockton, MA) https://t.co/71fZD7V8Jp",1.2515
-73.58379536,45.52288437,"2015-06-07 00:42:52",607346955455504384,"#pork #dumplings #peanutsauce #peanuts #montreal #montrealfood #foodies #montrealfoodie #asianfood https://t.co/TOw5OdFaX3",1.2524
-71.80645404,42.27072906,"2015-06-07 00:42:53",607346958743793664,"@AndyMilonakis I got the beats Andy Lemme send U a few",1.3851
-73.34939056,40.66962433,"2015-06-07 00:42:53",607346959024799744,":) @ Venetian Shores https://t.co/RjmeTauGZF",1.3308
-76.05405438,36.77477646,"2015-06-07 00:42:53",607346960169869312,"@10NewsCoronel #hey Marie #he's adorable",1.6085
-73.57319000,45.49720001,"2015-06-07 00:42:55",607346968042610690,"Just posted a photo @ La Queue de Cheval Steakhouse https://t.co/3dPHpk8soc",1.1632
-79.79051471,36.06854630,"2015-06-07 00:42:58",607346979186835456,"Meeting up with Justin and Sara. Good times. (@ Natty Greene's Pub &amp; Brewing Co. in Greensboro, NC) https://t.co/28h4MNz8jk",1.2602
-82.58826851,41.98429871,"2015-06-07 00:42:59",607346983758626816,"always reppin cleveland
#cedarpoint #ALLinCLE @ big three  https://t.co/GnghYBsqgH",1.2061
-77.08537214,38.74919891,"2015-06-07 00:43:00",607346987931967488,"snapchat  
Naesmokestacks @ Cold Stone Creamery https://t.co/hlE7fKhCb8",0.7960
-78.17060000,39.16550064,"2015-06-07 00:43:01",607346992143060994,"Drinking a Winchester by @ProgressBrewing @ Cafe Del Sol  http://t.co/eZGQ0l3Ud0",1.2318
-74.11286973,40.67063522,"2015-06-07 00:43:01",607346993191649281,"Grab that booty baby http://t.co/ydHMUyPsY5",0.7212
-77.29821000,38.68796158,"2015-06-07 00:43:04",607347004016988160,"current weather in Lake Ridge: fair, 77F
56% humidity, wind 6mph, visibility 10mi, pressure 30in rising",0.8560
-83.07528935,42.30329895,"2015-06-07 00:43:04",607347004587573248,"Doors are open WINDSOR! The Dominion House, reach fam!",1.2748
-83.06160000,42.35240173,"2015-06-07 00:43:05",607347007972352000,"#nitro #creamalicious #200 - Drinking a HopDevil by @VictoryBeer @ HopCat   http://t.co/gd4wRCzUbo #photo",0.7372
-79.03698561,43.16291046,"2015-06-07 00:43:05",607347008425324546,"Art Park Gala (@ Niagara Falls Country Club in Lewiston, NY w/ @detomkins) https://t.co/UdDLvOpjQT",0.6947
-83.36976422,42.42779922,"2015-06-07 00:43:05",607347010535084032,"So strange to think one of my ex's is now part of my family ",0.8391
-81.56119125,41.38402176,"2015-06-07 00:43:06",607347011118055424,"@ThatBlondeRider @AllisonMichko secretariat wasn't the last to win though lol",0.8411
-73.56230748,45.50156403,"2015-06-07 00:43:07",607347015056388097,"Thanks for having us @wmontreal #MtlPitStopParty #SilverStarMTLxWmontreal #silverstarautomotive https://t.co/70NHUN9ZMp",1.3391
-73.86869243,40.85729599,"2015-06-07 00:43:07",607347015199158272,"Literally saw this dude on the Bx12...I thought he was supposed to be in Wisconsin? http://t.co/hC4lIZif88",0.7801
-86.13736667,39.82679367,"2015-06-07 00:43:07",607347019183734785,"DRUGS: we're not above it. @ talk derby to me https://t.co/XeiNmY6RlI",0.7008
-73.92947844,40.66567612,"2015-06-07 00:43:08",607347022069395456,"Amber Rose looking like one of the X-Men  @ WTF https://t.co/mI3NJAxN8Q",0.6699
-79.83681778,36.08627319,"2015-06-07 00:43:09",607347025835868161,"Girls night with my sweet momma! @ WineStyles Greensboro https://t.co/VJZpto53Xv",1.4458
-76.28587260,36.85076904,"2015-06-07 00:43:09",607347026817196032,"Con-way Freight: Account Executive (#Norfolk, VA) http://t.co/ESae5Ci6Yk #Sales #Job #Jobs #Hiring #TweetMyJobs",1.5451
-77.97800000,35.38199997,"2015-06-07 00:43:10",607347029191360512,"This handsome man will be my husband in just two weeks, but first, #carmenandrewsayido! We wish our https://t.co/U8sIux3ZmM",1.3734
-74.00810000,41.49729919,"2015-06-07 00:43:10",607347029329780736,"Lovely, delicate piney and minty - Drinking a Winter Spruce Porter at @newburghbrewing - http://t.co/tDYjXAplVV #photo",1.8845
-73.18457999,40.73714447,"2015-06-07 00:43:10",607347031095570432,"Ain't nothin' but a White Trash party @ TRASH BASH 2K15 https://t.co/29jPjas3Jo",0.5967
-72.63120300,42.31759644,"2015-06-07 00:43:10",607347031166877697,"Cheese!!! @ Caminito Argentinean Steakhouse https://t.co/3nfs4UA5qD",1.2796
-79.80533808,43.32774734,"2015-06-07 00:43:12",607347037345054720,"@DanielSquizzato Roses are red. Violets are blue. Sinclair'a so good. I lost my ability to rhyme.",0.9955
-73.14310100,41.25900269,"2015-06-07 00:43:13",607347042218852352,"#Tajsweet16 @ Residence Inn Shelton Fairfield County https://t.co/LCYw4yOayr",1.3855
-73.82681000,40.69464111,"2015-06-07 00:43:14",607347046488674304,"Congratulations Sherry and Ricky!!! #celebratingmarriage #theperfectunion #blessed #grateful https://t.co/Ouvwp310t4",1.8133
-74.00029686,40.73136902,"2015-06-07 00:43:14",607347046807433217,"Ladies night  #veganfood #whatveganseat #ladiesnight #healthyeating #healthyliving #newyorkcity https://t.co/u8eCs8SqUm",1.7806
-76.91502710,38.85110855,"2015-06-07 00:43:15",607347052096454658,"u could give all ur attention to one person, &amp; they would still say u fuck with someone else.",0.8424
-73.92835825,40.68267822,"2015-06-07 00:43:16",607347056630362114,"If Ur going to #SENYC 2morrow PLEASE, wear sneakers, bring water and food. It's all concrete with no refreshments.",0.8215
-86.11622555,39.56963348,"2015-06-07 00:43:17",607347058744430592,"She loves me.... http://t.co/3hhUjqJPVk",1.3263
-71.08347416,42.34824371,"2015-06-07 00:43:17",607347059105136642,"Unexpected date night. (@ Towne Stove and Spirits - @towneboston in Boston, MA) https://t.co/3ChnBGP9sn",1.4232
-74.44511171,39.35334396,"2015-06-07 00:43:17",607347060187234304,"This is how we roll  #sissysbachelorette #bachelorette #curlscurls #weekendfun #AC #tropicana https://t.co/KAZRV6WdLv",1.7209
-74.24401629,40.67389679,"2015-06-07 00:43:20",607347072786931712,"'this COULD have been ARGO' - @katshanka, watching the interview",1.2371
-75.62829910,40.02274704,"2015-06-07 00:43:20",607347073613185026,"Just added Deschutes Fresh Squeezed IPA on tap. See our full beer menu: http://t.co/0iHXgLllpo @DeschutesBeer #BeerMenus",1.3983
-74.80681513,38.99114227,"2015-06-07 00:43:21",607347077853675520,"aloha means hello and goodbye @ Steve &amp; Patty's Tropical Island https://t.co/HpB2g0QMgz",1.6586
-73.64376822,40.79296112,"2015-06-07 00:43:22",607347081649508352,"Nonna can hang  @ Chalet Restaurant &amp; Tap Room https://t.co/yRsCpm4uFc",1.4381
-71.09597560,42.34723282,"2015-06-07 00:43:23",607347082261864448,"Michael Franti is the MAN @Na_ima_stae @ House of Blues Boston https://t.co/R7XFhpNF2X",1.2710
-77.47185742,38.31806564,"2015-06-07 00:43:23",607347083193008128,"My head hurts",0.5505
-80.01609016,40.44643021,"2015-06-07 00:43:23",607347084669394944,"MADE EYE CONTACT WITH MAMA SWIFT SHES MY MOM NOW @taylorswift13",1.5077
-74.35483200,40.80223465,"2015-06-07 00:43:24",607347086569422848,"Congratulations to #mikeyrivera and the grand opening of #bulletproof studies #xfactormedia will https://t.co/WIaFrQX1yu",1.4418
-73.36368352,41.14154816,"2015-06-07 00:43:26",607347096971321344,"Just posted a photo @ Bartaco Westport https://t.co/tpEEYt0OsM",1.4292
-73.92548405,40.79794312,"2015-06-07 00:43:26",607347097877282818,"Watch and be amazed (or amused) at how fans of Drake get down...#drake #govball2015 #govball #lmfao @ https://t.co/wSo9JhiwnD",1.3272
-75.22037333,39.94150543,"2015-06-07 00:43:27",607347099030704128,"Like why is My Name Is People Mouth Stop Worrying About Me",0.6192
-76.97481750,38.84922028,"2015-06-07 00:43:27",607347100033150978,"'@flyassSHAY_: how girls be when they get chickfila http://t.co/Jw6OjL7RFx' You funny as shit",1.7004
-73.97279260,40.69059372,"2015-06-07 00:43:27",607347100251254784,"Today was rainy, hot, humid, windy
Then sunny!
We've trained
In every type of
Weather over the 
Last https://t.co/hcJYgFij6K",0.9643
-79.61578687,43.68182373,"2015-06-07 00:43:27",607347101505323009,"Enjoying the views from the UPX. #upx #weareup #toronto #train #yyz #canada #roads #Streetsoftoronto https://t.co/64P76PKAXC",1.3288
-79.36836612,43.66484070,"2015-06-07 00:43:28",607347105431175168,"@ItsJustBenzo like eating  is how you feel",1.5286
-73.96548600,40.71416855,"2015-06-07 00:43:29",607347109348569088,"Omakase sushi date night! #sushisnobs #foodie #insearchofthebestsushi @ 1 OR 8 https://t.co/9i0g0jF6ba",1.6358
-86.15259366,40.06124878,"2015-06-07 00:43:30",607347111965913088,"Summer Fling.  @ Grand Park https://t.co/O4hiWCJKZR",1.3746
-74.14386390,40.87470245,"2015-06-07 00:43:32",607347122955001856,"@ZumbaKat  lo vi y me acorde de ti!! Para mi monja Sor Yeye, Jajajaja!! Tqm hetmana!! http://t.co/EUjt42bX5e",1.4699
-73.98509848,40.66872787,"2015-06-07 00:43:32",607347123525402624,"I love soccer! I love rich males playing with balls! (as long as there is beer, @natalegre, and https://t.co/Tci01e4PEi",1.6901
-73.57582904,45.53923035,"2015-06-07 00:43:34",607347132429955072,"Rue Jeanne-Mance with the setting sun at the end of the street, Mile End, Montral #snapshot #YUL https://t.co/t6LrKxHeqE",0.7209
-76.97264900,40.20962143,"2015-06-07 00:43:35",607347134887653376,"#Healthcare #Job alert: Respiratory Tech-RRT - PRN | LifeCare Hospitals | #Mechanicsburg, PA http://t.co/7veIdNF7Um #Jobs #Hiring",1.2989
-86.21795503,39.75932693,"2015-06-07 00:43:36",607347138415239168,"Movie screens outdoors?? We must be at the drive-inn again.
           @ The Tibbs Drive-In https://t.co/LceX4eQlBn",0.8269
-71.05366250,42.40842819,"2015-06-07 00:43:36",607347138960326656,"If yore in #Retail and want to work at dressbarn, check out this #job: http://t.co/E6lIWZlmRJ #Everett, MA #Hiring #TweetMyJobs",1.4126
-81.87535921,43.22408295,"2015-06-07 00:43:37",607347145008680960,"Wasted // Tisto @ Grand Bend https://t.co/xJ374mZuIr",0.5714
-77.16003419,39.65746689,"2015-06-07 00:43:38",607347145549742080,"Hate being lied to and it's getting hard to trust anything that comes outta anyone's mouth.",0.5562
-83.24549055,42.69686890,"2015-06-07 00:43:38",607347146757513216,"My little graduate! #proudauntie @ The Palace of Auburn Hills https://t.co/yjvP9WAb2T",1.0221
-83.13822590,42.46448898,"2015-06-07 00:43:40",607347155645394944,"@N8breed come to the loving touch in fern! We playin sooooon",1.5340
-73.81608226,40.69273376,"2015-06-07 00:43:40",607347156597506048,"Go time! #sayroowedding I am your DJ! #thekingisinthebuilding Follow kingsinghnyc @nosceneclothing https://t.co/OTpj6hALi5",1.2933
-79.07331753,43.09045410,"2015-06-07 00:43:40",607347156886822912,"@merrygodown YAY!! Thank you! Happy yore digging it!",1.7702
-74.87212498,39.93119431,"2015-06-07 00:43:41",607347157805461507,"I got some good parents @ finally https://t.co/CQt4BzI0Wh",1.4269
-71.07227116,42.31785202,"2015-06-07 00:43:45",607347174855352320,"Damn near 30 &amp; my mothers still yells at me &amp; then want to have a normal conversation girl byeeeeeee #ImPetty",0.5891
-79.31372548,43.69013596,"2015-06-07 00:43:45",607347174863740928,"Now pouring @troududiable Albert3: 

http://t.co/HX1PvSgYWh",0.6520
-79.75051876,43.58380890,"2015-06-07 00:43:45",607347174964359168,"Happy almost birthday to my blonde bff stephanieeschh so glad i got to celebrate ur sweet 16 with https://t.co/HgpBeV7HJL",1.9204
-76.48414719,39.67919159,"2015-06-07 00:43:45",607347177048961024,"#HarrisonsGetHitched @ Camp Hidden Valley https://t.co/WL8GAwLPk7",0.8548
-74.04648900,40.72222137,"2015-06-07 00:43:46",607347182568673280,"Veni, Vidi, Vici - We Came, We Saw, We Conquered!! Made with fancyframe. #fancyframe #TagStaGram https://t.co/ktpnzJBOs4",1.3045
-75.14120000,39.94459915,"2015-06-07 00:43:47",607347184779051008,"Drinking an I Love Lamp - Pineapple Hefeweizen by @evilgeniusbeer at @delriverwfront  http://t.co/6duk8dbUZy",1.5859
-75.44641110,39.10076904,"2015-06-07 00:43:47",607347186679062529,"A fresh and salt water marsh @ St Jones Estuarine Research Reserve https://t.co/nALDHzWBLO",1.4466
-81.54880681,41.30720901,"2015-06-07 00:43:48",607347188667183105,"I'm missing my two favs right about now #RTR @ Canal Park Stadium https://t.co/soQGjXA8pJ",0.6118
-76.84774070,38.88899994,"2015-06-07 00:43:48",607347189040484353,".#bellchildrenfund Memorial Benefit @Everlastinglife.net RESTAURANT w/@ImAyannaGregory &amp; Sister Free. RIP Sister Ayo! http://t.co/P7yHLwKyFx",0.9911
-74.16526099,43.11952209,"2015-06-07 00:43:48",607347189317308416,"Just makes everything that much easier, and the fact that I'm chilling on sand island as well camping",1.8977
-71.84250000,42.27759933,"2015-06-07 00:43:48",607347189849948160,"@BeverleyGlazer @frielingbailey @Themelis_Cuiper @PaulBritCOM Happy weekend Beverly http://t.co/f7YHR9ZdEE",1.6145
-80.04426575,40.53321838,"2015-06-07 00:43:48",607347190126792704,"@HungryBartender Im someone who is new to alcohol in general. What do you recommend I buy to start my own collection/drink exploration?",1.1553
-83.65205426,41.17379761,"2015-06-07 00:43:49",607347192089735168,"@lovestravelstop #Baltimore #Ohio @ Love's Travel Stop https://t.co/F8QZen6VwP",1.1715
-76.81097940,39.37091064,"2015-06-07 00:43:50",607347197018009600,"@mufc4thefans otamendi needs to take his beard to Salford",0.6949
-84.37540049,42.78883743,"2015-06-07 00:43:50",607347197370376192,"nash looked so good today at digi sigh",0.6502
-71.07996298,42.35430908,"2015-06-07 00:43:51",607347201308770304,"Hi Boston 
#paddleboston @ Esplanade along the Charles River https://t.co/bv34JWQVa6",1.2674
-77.52656210,38.24221420,"2015-06-07 00:43:52",607347205884809217,"Ima Loko Wild Nigga Wit Ah Glock @girlthatsdiego",0.7337
-76.75138783,37.27738571,"2015-06-07 00:43:52",607347207034028032,"Had fun at your graduation party today Beth! Congrats on y'all's graduation from JMU!  @ high https://t.co/w58OdHxDsV",1.6175
-73.23549028,41.16518784,"2015-06-07 00:43:53",607347208053256192," @treysongz #lastnight #hotjam @ Foxwoods Casino https://t.co/qE7sHeR3SZ",0.7224
-77.18319287,39.25329208,"2015-06-07 00:43:53",607347209542213633,"beach week @ the dirty thirty, OC https://t.co/aMXBjVFQGB",0.8457
-72.81607466,41.53423691,"2015-06-07 00:43:54",607347212184637440,"But y am I sitting home with nothing to do on a Saturday night",0.6621
-73.95833400,40.71285629,"2015-06-07 00:43:55",607347217297473537,"Amazing first time at #tinytrifecta got the last @jasonedmiston and picked up a new piece from a new https://t.co/hN4dwlrmvR",1.5865
-73.92547365,40.79467392,"2015-06-07 00:43:55",607347220019593216,"VIP tent... Holla! #govballnyc #randallsisland #govball #freeloaderslounge @ Randall's Island Park https://t.co/fGReireF5F",1.1949
-83.09048810,42.39672470,"2015-06-07 00:44:00",607347239007219713,"#GreatLakesCoffee #SexyMexican #Coffee #Detroit #KimmyDetroit @ Woodward Avenue https://t.co/v1kzwWRcGW",1.5681
-76.48409844,38.97188187,"2015-06-07 00:44:01",607347242589122560,"normally somewhat adventurous diners and regular king crab leg lovers, it's a penne on water cracker https://t.co/NCWBB3MFrK",1.3207
-73.92548405,40.79794312,"2015-06-07 00:44:02",607347245894254592,"This weekend has been insane. Nothing like the @whotels #insidercollective for#govballnyc.

Caught up https://t.co/6whR6wSFjY",0.6682
-73.93090056,40.70619965,"2015-06-07 00:44:03",607347250596085760,"V sad my send read receipts was turned on for who knows how long... sorry not sorry for not responding the last 27 days",0.5594
-73.72235100,40.71136856,"2015-06-07 00:44:04",607347257743130624,"Saw #AmericanPharoah make history today and win the #TripleCrown at #BelmontStakes  @ Belmont https://t.co/DUVKIWPBjY",1.2396
-81.93028000,41.40768814,"2015-06-07 00:44:04",607347258095501312,"Worked ten hours today &amp; made 120$   im tired as hell but im happy ",1.4730
-74.48170410,40.49112320,"2015-06-07 00:44:05",607347258946908160,"We still be that crew!!!
#dandg #showstoppaz #dg4l #ss4l #youthwhodance #dancer #dance #danceislife https://t.co/iI3zKgTqHS",1.2923
-74.07080775,39.94147110,"2015-06-07 00:44:05",607347259223719936,"Beach Ball. #flamingnlips #gotr @ Seaside Heights Beach &amp; Boardwalk https://t.co/8dLq5E3PnW",1.5248
-83.13880000,42.46030045,"2015-06-07 00:44:06",607347263086686209,"Wow - Drinking a Raspberry by @SchrammsMead @ Schramm's Mead   http://t.co/guIGJf6JXU #photo",1.4986
-77.00894520,38.55947876,"2015-06-07 00:44:06",607347265221591040,"SMD Heat-Russell 36, Liberty Road Ballers 43, Varsity - Pool (H) #BALLOUTCLASSIC @exposurebball",1.2549
-75.66355130,39.39358139,"2015-06-07 00:44:07",607347269554343936,"Tonight's office space... @ Kimothys Place https://t.co/iayJFE03Cm",1.3241
-79.79481697,36.07248306,"2015-06-07 00:44:10",607347281185021952,"Black Hawks hire Greene to run sales-marketing team - Waterloo Cedar Falls Courier http://t.co/nnGwg4fByE #Marketing http://t.co/aPdb0aSTgJ",0.7749
-71.69064500,42.19984055,"2015-06-07 00:44:10",607347281227038721,"always lovely to see my second sister again;) missed ya bud @ watabugs https://t.co/1FJ70o7lD8",1.1781
-77.36794349,40.90136337,"2015-06-07 00:44:11",607347286235090944,"Evening calm before the campers arrive #nofilterneeded #Woodward #camp #skatepark @ Woodward Camp https://t.co/dwSjhXxXIq",1.1963
-84.22640820,39.80977249,"2015-06-07 00:44:12",607347288705396736,"We takin chances over here nigga",0.8341
-84.52144844,42.75526810,"2015-06-07 00:44:12",607347291033182208,"@_Keits_ Open House today was memorable. @ManchesterUniv bound. http://t.co/NnJD23Zxs4",1.4921
-73.74308313,42.86525345,"2015-06-07 00:44:13",607347293675778048,"#JustKidding #SeeYouTomorrow #PrimetimeHighSchool @ Grace Halfmoon Primetime High School https://t.co/D6Dap0QyON",1.2427
-77.01742293,38.89805603,"2015-06-07 00:44:14",607347299858137088,"Saturday niiiiittteee! (@ Savor: a American craft beer &amp; food experience in Washington, D.C.) https://t.co/loXYVkeaE2",1.5388
-86.12891335,39.93002319,"2015-06-07 00:44:15",607347301535739904,"A little Fuzzy's Vodka to support @rentzbk, @edcarpenter20,  @josefnewgarden &amp; all of @cfhrindy! #Firestone600 http://t.co/NdNwc8gN8z",0.7594
-86.16047553,39.76590729,"2015-06-07 00:44:17",607347309526061056,"Thank you to these babes for helping me celebrate on Tuesday night.  @ Dick's Last Resort - https://t.co/fLo7XoD9RQ",1.2160
-71.19952000,41.95968246,"2015-06-07 00:44:17",607347310620758016,"'Stillness is taking the time to embrace the fullness of living and bask in its wellbeing music.'",1.8536
-74.07030000,40.15859985,"2015-06-07 00:44:18",607347314416590848,"my pretty cousin palz @ Wall, New Jersey https://t.co/o4AcBShITs",1.3646
-80.35647003,43.38912582,"2015-06-07 00:44:19",607347318015156224,"happy birthday to my lovely lovely nana  #secondmum #somuchlove",1.8607
-75.11734500,39.99142075,"2015-06-07 00:44:19",607347320057917440,"I look nice ",1.7111
-84.65498876,39.16466904,"2015-06-07 00:44:20",607347323807666176,"it would be great if I could drive",1.4418
-76.30133858,36.88396454,"2015-06-07 00:44:22",607347332745732096,"Congrats Kristina! So proud of you.  @ Ted Constant Convocation Center https://t.co/fS4y2oLS2y",1.5471
-78.79810583,35.74218750,"2015-06-07 00:44:23",607347334654083073,"Lots of food, music and fun at the Spring Fest in Morrisville.   #festivals #outaboutnc #foodtrucks https://t.co/Bds8e54DHL",1.5021
-70.67813531,42.05086899,"2015-06-07 00:44:24",607347338806444032,"Zac is #BestoftheBunch for performing #gooddeeds &amp; #randomactsofkindness! Well done, son! #DHS @ https://t.co/tTUwSrwu7L",1.7133
-77.19342216,45.88529587,"2015-06-07 00:44:25",607347345202810880,"6 summers in, and this has yet to get old... 

CC @aliciaworldwide @ Fantasy Island - Brum Residence https://t.co/XoqWtc0MCb",1.3561
-74.28508759,39.70982742,"2015-06-07 00:44:25",607347345748074496,"The Mustang corral at BB! (@ Best Buy in Manahawkin, NJ) https://t.co/PTyBsyHq3e http://t.co/wuMmbrY5vi",1.4460
-80.25769880,36.12776566,"2015-06-07 00:44:26",607347348436619264,"They are 13 years apart...and today I celebrate them.. graduation day.. #daddyslove  #mytwins @ https://t.co/yCRMXYtMgS",1.5138
-76.60828531,39.28018570,"2015-06-07 00:44:26",607347350068195329,"Congratulations to the newlyweds Christine + Joe. #crickandjoe #stanpefilms #vscocam https://t.co/aYi77rWJ59",1.4805
-74.93192644,39.90299606,"2015-06-07 00:44:26",607347350227587072,"She's bae @ In love with the coco https://t.co/0NSeW9oYSR",1.4670
-71.94566298,41.03801346,"2015-06-07 00:44:28",607347355201990656,"#swantauk #friendcation sunsets like whoa @ East By Northeast https://t.co/DQog02inDp",1.1639
-84.46587039,39.10282898,"2015-06-07 00:44:28",607347357810847744,"Just posted a photo @ i kinda love her https://t.co/uP1vcQZTTv",1.6948
-85.77910000,43.31689835,"2015-06-07 00:44:29",607347360675577857,"Really tasty. Roasty and peanut buttery. E... (God Damn Pirate Pigeon Peanut Butter Porter) http://t.co/QdhbEpfuGM #photo",1.3334
-72.12641060,41.44753265,"2015-06-07 00:44:30",607347364651802624,"I feel like baking ... I'm feeling creative ",0.9685
-81.37408120,41.13919067,"2015-06-07 00:44:30",607347364693737472,"@caprusnick @brandikellerr_ Let's all hang",0.8164
-73.90213478,40.86413574,"2015-06-07 00:44:30",607347364723073025,"Missing my best friend!  @ Marist College https://t.co/qVo8f6DgLA",0.5926
-77.29000000,38.81999969,"2015-06-07 00:44:31",607347369131286529,"I got steam burns from my hand to my upper arm ",0.6208
-80.04790000,40.38290024,"2015-06-07 00:44:31",607347369454223360,"Drinking a Lemon Shandy by @ShockTop @ Brew Haus  http://t.co/6yG0CqHWcg",1.4219
-81.60985633,41.10533905,"2015-06-07 00:44:31",607347369764634625,"@TheReal_BLamb yore lame",0.5928
-77.74856912,39.45802307,"2015-06-07 00:44:34",607347380917293056,"Anna and I went to Sharpsburg today and I got pistachio ice cream from the world's cutest ice cream https://t.co/9IGpTHaI2h",1.3085
-71.15795898,43.63046646,"2015-06-07 00:44:34",607347382418866176,"Sky. #wolfeboronh @ Mercy Hill Farm https://t.co/XiGKRLrZAf",1.6250
-81.48730500,41.13883209,"2015-06-07 00:44:34",607347383702327296,"according to tradition, most people bring flowers to a dance recital. Emily Eckman, however, brought https://t.co/9boWrr9xl6",1.5878
-82.35308840,36.31425095,"2015-06-07 00:44:34",607347384012677121,"to the girl that I make the best memories with, who listens to me no matter what, and tells me the https://t.co/UpVgaS4Uty",1.1777
-73.98970229,40.75734711,"2015-06-07 00:44:35",607347384306270208,"He's back #TPain #subwaylyfe @ 42nd Street Subway Station, New York City https://t.co/oaXm1x6lEy",0.7068
-71.21659177,42.72904205,"2015-06-07 00:44:35",607347388269895680,stop,0.7030
-75.31383200,40.01976395,"2015-06-07 00:44:38",607347397736292352,"#BrynMawr, PA #Retail #Job: Store Manager at The Vitamin Shoppe http://t.co/oWgLR0g3Mk #Jobs #Hiring",1.4082
-83.74087900,42.27167511,"2015-06-07 00:44:38",607347399447748609,"One of the greatest places in Ann Arbor. Dinner time! @ Quickie Burger Bar &amp; Grill https://t.co/cYWGxVUfxt",1.1525
-73.98560526,40.74853134,"2015-06-07 00:44:40",607347405764362240,"Good night NY @ Empire State Building https://t.co/LR5dnjVfDJ",1.3108
-78.79085640,42.91318130,"2015-06-07 00:44:40",607347405835665408,"'@JayTheAnimalKid: Kinda feeling an adventure tonight'",1.4575
-74.57254928,39.27505875,"2015-06-07 00:44:41",607347411758030848,"We love each other sometimes @ Ocean City Boardwalk https://t.co/9E2loaYgJe",1.3772
-79.40257072,43.65622330,"2015-06-07 00:44:43",607347417940389888,"I'm at Wanda's Pie in the Sky - @wandapiesky in Toronto, ON https://t.co/5kuzWc3Dki",1.2889
-76.80140779,39.39927292,"2015-06-07 00:44:43",607347419400007680,"I am in love with  #dinner #date @ Artful Gourmet Bistro https://t.co/XVTaTreOV4",1.8115
-73.61075669,40.75454330,"2015-06-07 00:44:44",607347421945937920,"We stopped checking
for monsters under
our beds when 
we realized they 
we're inside us @ Yes, this https://t.co/DMvZFB95UC",1.1084
-73.98584301,40.67181396,"2015-06-07 00:44:44",607347422604496896,"TB organist just played 'If I Were a Rich Man' before the previous face off. Hockey &amp; show tunes- who'd have thunk?  #StanleyCupFinal",0.8536
-78.26858596,44.42897034,"2015-06-07 00:44:44",607347423233638400,"Jack &amp; Jill (@ Lakefield Arena in Smith-Ennismore-Lakefield, ON) https://t.co/a3phxsyv0O",1.2307
-81.68657110,41.48152161,"2015-06-07 00:44:44",607347424043089920,"Happy birthday PJ! (at @DanteBoccuzzi in Cleveland, OH w/ @pjlarosa) https://t.co/ffnAP37ocQ",1.5258
-81.55775170,40.91960144,"2015-06-07 00:44:46",607347433815851009,"Damn...watching #legendsofbearingsea and remember how me and my #littlelissy used to watch #DeadliestCatch",0.8363
-71.23029288,42.01303101,"2015-06-07 00:44:47",607347437729136641,"No pictures!!! :-) #icecream #coldstone #friends #fun @ Coldstone Creamery Mansfield https://t.co/OGUTS1Cr0O",1.0724
-81.68638376,41.48199844,"2015-06-07 00:44:48",607347440757428224,"Just posted a photo @ Barrio Tacos https://t.co/dmc3sKfVgq",1.2878
-79.31971117,44.28092575,"2015-06-07 00:44:49",607347444066721793,"Idk what it is but I just love holding hands with people lol",1.6688
-73.98337664,40.74010849,"2015-06-07 00:44:49",607347444070891520,"HardworkDietDiscipline NPC was a success congrats bro _williamulrich_  #fitness #npc https://t.co/X6IwUCCFpY",1.6926
-73.92285565,40.70694351,"2015-06-07 00:44:50",607347447162146816,"Gente estranha e zuera sem fim 2 @ Bushwick Open Studios https://t.co/KiEbm30Fiy",0.8022
-71.08280900,42.34976578,"2015-06-07 00:44:50",607347448152002560,"Tiramisu, pistachio, and L'inimitabile gelato from Amorino #BostonFoodies @ Amorino Boston https://t.co/FaymDvDCIJ",1.5518
-84.36488405,42.79548264,"2015-06-07 00:44:50",607347449242357760,"I've never seen a closed down Taco Bell until today tf",0.7201
-77.48664100,37.55823898,"2015-06-07 00:44:50",607347449628368896,"SMOKED CORN! #weber #grill #smokeeverything #yeahbuddy #grillingislife @ The Chill Spot https://t.co/4AjhOtNDEI",1.5201
-73.94444444,40.68888855,"2015-06-07 00:44:50",607347450760843264,"#rich , #verydry and #compromised @ BedfordStuyvesant, Brooklyn https://t.co/ZONPFPBITu",0.6210
-75.54872852,39.74365616,"2015-06-07 00:44:51",607347451926872065,"The Geno &amp; Artie show (@ The Grand Opera House - @thegrandwilm in Wilmington, DE) https://t.co/HV7D6V2fPj",1.5303
-82.24173510,41.38615799,"2015-06-07 00:44:51",607347454456020992,"'@archpaper: #Cleveland's answer to the High Line http://t.co/RX3VqddK37 http://t.co/W8e3mOmOs2' This would be great for the city!",1.7028
-83.22187310,42.47336960,"2015-06-07 00:44:52",607347456754343936,"Want to work in #Southfield, MI? View our latest opening: http://t.co/JiDQkbRqV9 #Finance #Job #Jobs #Hiring http://t.co/dl1VjLr0gC",1.0402
-83.13874100,42.46050262,"2015-06-07 00:44:52",607347457106657280,"Enjoying the beautiful weather and amazing atmosphere with my gorgeous wife in downtown Ferndale!! http://t.co/WIA2KoNyyk",1.9601
-79.94813075,40.14913940,"2015-06-07 00:44:52",607347458029416450,"Lynelle said 'don't make yourself look like a stupid bitch' ",0.5522
-80.43887587,43.27808762,"2015-06-07 00:44:52",607347458205732864,"This is how we roll on hilltop....#hilltophood #ayr #cronkboys #sprinklers @ Cronk Coop https://t.co/E9jmffwN2b",1.1505
-86.07572100,39.71158981,"2015-06-07 00:44:53",607347463394103296,"Can't believe this beauty graduated today. I'm so proud of how hard you worked to get there.  I know https://t.co/KbykO4JtyZ",1.0670
-80.26012709,43.54537964,"2015-06-07 00:44:53",607347463398301696,"My dad was right- there is such a thing as too many choices! #help #recording #toomanyvirtualsynths #bloomcd #newalbum #nehrita4u",1.4626
-80.59527778,40.43000031,"2015-06-07 00:44:54",607347464476180480,"Temp: 66.6F  W C: 66.6F  Wind:--- at 0.0kts Baro: 1018.4mb and Falling slowly Rain today: 0.00in R H: 80%  #wvwx",0.6613
-73.78647600,40.84757996,"2015-06-07 00:44:54",607347464836890624,"After a very long hard work week this is just what I needed. A sunset ride on Maria Dolores. https://t.co/jIRFv9Hbge",1.4573
-79.37917113,43.64341354,"2015-06-07 00:44:54",607347465340256256,"Wooooo @edsheeran .. The sound is so much better tonight  (at @AirCanadaCentre in Toronto, Ontario) https://t.co/lVC36PqrPx",1.3879
-74.22316890,40.58120728,"2015-06-07 00:44:55",607347469970751488,"Y:8:Y
- I Don't Like Being Blocked-=.",0.7994
-83.39937656,42.40525055,"2015-06-07 00:44:56",607347473573511168,"There's always gonna to be another mountain,I'm always gonna want to make it move.Always gonna be an uphill battle. Sometimes I'm gonna lose",0.6963
-73.64074001,40.76803207,"2015-06-07 00:44:56",607347474764861440,"I don't care about horses",0.6446
-76.54103002,37.10557175,"2015-06-07 00:44:56",607347475062652928,"@13ReginaMobley we heard you love #golf come check out#ParFor The Course Indoor Golf 12971jefferson ave. n.n",1.3159
-75.13457749,40.18841171,"2015-06-07 00:44:58",607347480641044480,"A flight of sour #beer from Oregon @ Iron Abbey Gastro Pub https://t.co/up9knDqegT",0.6180
-81.70341300,41.43323517,"2015-06-07 00:44:58",607347481836265473,"@kait_marie19 okay will do",1.3372
-77.01145458,38.89547348,"2015-06-07 00:44:58",607347482436202496,"Just posted a photo @ Capitol Hill - Washington, DC https://t.co/7CdRp3G0wD",1.3574
-84.52230000,38.03887558,"2015-06-07 00:44:58",607347483816140800,"Photo booth fun  {6.6.15} @ early birthday festivities  https://t.co/0eCWVz5xz3",1.3280
-86.24746510,43.20573425,"2015-06-07 00:44:58",607347484105523200,"Almost time been waiting a while for this! One the illest shows ever! #POWER",1.5600
-76.17792530,36.86518097,"2015-06-07 00:44:58",607347484730523648,"i got it out the mud ain't nobody ever gave me nothing",0.7374
-74.04819508,41.78025055,"2015-06-07 00:44:59",607347486789890048,"#Repost huffpostentertainment 

Hardest game ever of f-ck, marry, kill.  #GilmoreGirls https://t.co/D0hPkx7dBB",0.6224
-73.34670460,40.90081787,"2015-06-07 00:44:59",607347488903860225,"Happy #Saturday from our #Hotsies! Come see these lovely ladies for #TheProducers! Show is only open https://t.co/X2glJh6IXC",1.2920
-73.64189713,40.65251541,"2015-06-07 00:45:01",607347494067027968,"Balance beam gymnast in training  @ Sagamore Hill Oyster Bay NY https://t.co/PW9A0D8A26",1.2517
-73.94293963,40.79969406,"2015-06-07 00:45:01",607347494658416640,"I must say this is NOT a pleasant bus ride.",0.8498
-75.36327308,40.09281921,"2015-06-07 00:45:01",607347495115583488,"'you always look so cool.' @ best date of the night https://t.co/lNYqAuBkZl",1.7906
-72.30558917,42.92830276,"2015-06-07 00:45:01",607347495685996544,"http://t.co/GsfmKvQRof (@ The @HomeDepot in Keene, NH) https://t.co/TJ0CRj2kc9",1.2725
-79.97106390,40.49591064,"2015-06-07 00:45:03",607347505659965441,"We're #hiring! Read about our latest #job opening here: Server - New Restaurant Opening! - http://t.co/3qsWtqdyUd #Pittsburgh, PA",1.3368
-73.93348000,40.70589828,"2015-06-07 00:45:04",607347505890783232,"chordissonant 
#OMALLEYGALLERY #photo #art #bushwickopenstudios #bushwickopenstudios2015 @ https://t.co/uuMqAhdrMc",1.2284
-86.14833333,39.93138885,"2015-06-07 00:45:05",607347512500887552,"Clay Township: Temp. 72.0F. (-13.9/83.5F) Wind 0 mph --- MaxGust 13mph@11:25. Barometer 29.52 in. Rain today 0.00 in. Humidity 89%. #inwx",0.9579
-74.02628311,40.74133682,"2015-06-07 00:45:08",607347523733307392,"spontaneous chill Saturday evening not working or shooting; I still remember how to do this? @ https://t.co/P0ZL9wC3kX",0.7535
-71.35889059,42.64582062,"2015-06-07 00:45:08",607347524601528320,"Yesterday cheesin' in the dressing room. @ new shirttt https://t.co/9haKJW8JhK",1.1926
-71.08574507,42.34292603,"2015-06-07 00:45:08",607347524752535552,"Blind Boys of Alabama @ The Boston Pops Orchestra https://t.co/GfwOTvm4dH",0.7166
-80.17350993,40.38185501,"2015-06-07 00:45:08",607347525151031296,"Listening to the buccos sitting by the fire with a drink. I love summer. @ Battle Ridge Estates https://t.co/sivmNdjXGv",1.5689
